{"te_f1_macro": 0.9278063681836443, "te_f1_weighted": 0.915802563319062, "te_f1_micro": 0.9164355062413315, "te_precision": 0.9166231666088512, "te_recall": 0.9164355062413315, "tr_loss": [1.2798254573483885, 0.8925024563194562, 0.7271475015087598, 0.6382414022254126, 0.5617836484692004, 0.5078673996251806, 0.46682990604723, 0.42566028711235654, 0.4138155074344895, 0.3793960967327191, 0.3508942089511025, 0.33020650166398435, 0.3241351259487165, 0.30628162056092073, 0.29154651970808837, 0.27734205022432973, 0.2696005452662299, 0.25725815103452626, 0.2523539412518038, 0.24217462915623764], "te_loss": [0.9279783092821521, 0.7278110766047082, 0.6061724769920317, 0.5272207479205773, 0.4664428392102252, 0.4263077518604334, 0.3929122683492679, 0.3717323628237443, 0.345353747300814, 0.326282419729332, 0.30604713012292545, 0.28808854440751586, 0.27389146088417127, 0.24230755071947546, 0.25301696640153865, 0.25664849481164337, 0.24324788229640742, 0.22612523961290407, 0.20589241236654962, 0.20779982413812417], "val_loss": [0.9411493093392626, 0.723954033461502, 0.5944520967527175, 0.5155349152954334, 0.4567548850028102, 0.41462916983931936, 0.39098343886157255, 0.3686077293770908, 0.34867286178736323, 0.3332427684726948, 0.32067774208115957, 0.3022227896270963, 0.2822795167377075, 0.25755698588779374, 0.26440669963631686, 0.2630381967992751, 0.24907996967687968, 0.2313549873537161, 0.22355901633174016, 0.22221418842210341], "tr_acc": [0.4745866503368034, 0.6860583792610737, 0.7456623800775668, 0.7740355174525413, 0.8079199836701367, 0.8222086140028577, 0.8411920800163298, 0.8526229842825066, 0.8499693815064299, 0.862012655644009, 0.8679322310675648, 0.8803837517860787, 0.8771177791385997, 0.8818126148193509, 0.8899775464380486, 0.8958971218616044, 0.8981424780567463, 0.8987548479281486, 0.9061032863849765, 0.9052867932231068], "te_acc": [0.6685159500693482, 0.7597087378640777, 0.7704576976421637, 0.805131761442441, 0.8488210818307905, 0.8491678224687933, 0.8581830790568654, 0.8550624133148405, 0.8658113730929264, 0.8727461858529819, 0.8744798890429958, 0.875866851595007, 0.891123439667129, 0.9015256588072122, 0.9015256588072122, 0.8970180305131762, 0.8997919556171984, 0.9053398058252428, 0.9171289875173371, 0.9192094313453537], "val_acc": [0.672328086164043, 0.7584921292460646, 0.771748135874068, 0.8111019055509527, 0.8450704225352113, 0.855840927920464, 0.8583264291632146, 0.8657829328914665, 0.8744821872410936, 0.8811101905550953, 0.8831814415907208, 0.8790389395194698, 0.8914664457332229, 0.9030654515327258, 0.9014084507042254, 0.8972659486329743, 0.9096934548467275, 0.915907207953604, 0.9171499585749793, 0.9171499585749793]}