{"te_f1_macro": 0.6626243960823439, "te_f1_weighted": 0.8034917388541906, "te_f1_micro": 0.8144937586685159, "te_precision": 0.7970686583143513, "te_recall": 0.8144937586685159, "tr_loss": [1.4125968500360417, 1.1799881876330154, 1.0322585315406505, 0.9476506707010817, 0.8815385635762002, 0.7952146053399376, 0.7220121925036307, 0.698772920238945, 0.6619076030452438, 0.6588597843709784, 0.6397389214083622, 0.6231875613979672, 0.6178176059518986, 0.6133729483940621, 0.599166618339576, 0.6073884589604807, 0.5790443717520878, 0.5806935628376876, 0.5749696822744604, 0.5748852671324222], "te_loss": [1.2582027945207657, 1.0355193626533434, 0.9354939684788496, 0.8763729550471419, 0.8074871756332758, 0.7090277408925241, 0.6772850960203745, 0.6252847716377612, 0.628847107725236, 0.6015803282370018, 0.5822723233005376, 0.5791828624501142, 0.5682465549811576, 0.5609329212637781, 0.5633639526681331, 0.5496008628863072, 0.5495641577508347, 0.5364356025247402, 0.5809262411438972, 0.5269291893412436], "val_loss": [1.2867739495899229, 1.052668148017463, 0.9311337801870869, 0.8648203511621306, 0.7968256197246324, 0.7025077735824632, 0.6753510407480012, 0.6193847394522893, 0.6246964579514461, 0.5949664174609176, 0.5737202777816623, 0.5747415337097378, 0.5628070567658151, 0.5589088542755715, 0.553997240830969, 0.5417889581272547, 0.5443491846748937, 0.533861530501806, 0.5606354053511092, 0.519977350615107], "tr_acc": [0.4025311288017963, 0.5678709940804246, 0.6362522963870177, 0.6664625433761993, 0.688507858746683, 0.7189222290263318, 0.7479077362727087, 0.7528066952439273, 0.7621963666054297, 0.7730149010002041, 0.7756685037762808, 0.7793427230046949, 0.7795468462951622, 0.7877117779138599, 0.784037558685446, 0.7870994080424576, 0.7932231067564809, 0.7999591753419065, 0.8036333945703205, 0.7971014492753623], "te_acc": [0.5759361997226075, 0.6511789181692095, 0.6803051317614425, 0.6924410540915396, 0.7163661581137309, 0.753120665742025, 0.7656033287101248, 0.7891816920943134, 0.7874479889042996, 0.7923023578363384, 0.7968099861303745, 0.7971567267683772, 0.7957697642163661, 0.8016643550624133, 0.8037447988904299, 0.8030513176144244, 0.8103328710124826, 0.8096393897364771, 0.7995839112343966, 0.8151872399445215], "val_acc": [0.5563380281690141, 0.6532725766362883, 0.6893123446561723, 0.7050538525269263, 0.723695111847556, 0.7626346313173157, 0.7667771333885667, 0.7970173985086992, 0.7990886495443248, 0.8007456503728252, 0.8007456503728252, 0.8032311516155758, 0.8036454018227009, 0.8135874067937034, 0.8135874067937034, 0.8082021541010771, 0.8123446561723281, 0.8164871582435791, 0.8098591549295775, 0.8193869096934548]}