{"te_f1_macro": 0.916730647939888, "te_f1_weighted": 0.8931200522822021, "te_f1_micro": 0.8938973647711512, "te_precision": 0.8927732146313695, "te_recall": 0.8938973647711512, "tr_loss": [1.376517063514338, 1.0508642825308467, 0.8281835043556862, 0.7073185704975474, 0.6342186534811123, 0.5873003992822176, 0.5334654720882221, 0.488272033459947, 0.4626657711617629, 0.4475359214638223, 0.4069917847560751, 0.3927032074275662, 0.37866996531341485, 0.3662224175322175, 0.36560266023449667, 0.3517393063199498, 0.327946662613873, 0.31352141160068525, 0.3136185314259156, 0.31944447808662685], "te_loss": [1.189585838007034, 0.8275732283949356, 0.7029017276968936, 0.5983412629729666, 0.5467764477189966, 0.4959727004583765, 0.46312165929937166, 0.4052957932719245, 0.37576026984602834, 0.3573479473425512, 0.34383277217347313, 0.3184510223443482, 0.3084670069644256, 0.3127351235262481, 0.2934141689278547, 0.27609746729316975, 0.26158880519883476, 0.2756576961973338, 0.260147819489282, 0.2501084099804024], "val_loss": [1.2096588061482034, 0.8237387440178942, 0.6913969912925039, 0.5927764173556974, 0.5460583681816292, 0.49745099709462604, 0.44992024979886674, 0.411528056044542, 0.3792515560064863, 0.36290241619255686, 0.3434541872714113, 0.3268784551642829, 0.30881103025108897, 0.3081263503848321, 0.28658269982022644, 0.2853748959835616, 0.2673682875093304, 0.2722036697004413, 0.25832074478364303, 0.24679651356887847], "tr_acc": [0.39804041641151255, 0.6258420085731782, 0.7127985303123087, 0.7493365993059808, 0.7748520106144111, 0.7891406409471321, 0.8103694631557461, 0.8205756276791182, 0.8238416003265973, 0.8281281894264135, 0.8456827924066136, 0.8518064911206369, 0.8546642171871811, 0.8581343131251276, 0.8534394774443764, 0.8558889569299857, 0.8732394366197183, 0.8724229434578485, 0.877730149010002, 0.8756889161053276], "te_acc": [0.5859916782246879, 0.6920943134535368, 0.7326629680998613, 0.7753120665742025, 0.7877947295423023, 0.811373092926491, 0.8207350901525658, 0.8422330097087378, 0.8502080443828016, 0.8457004160887656, 0.8529819694868238, 0.8682385575589459, 0.8776005547850209, 0.8734396671289875, 0.8831484049930652, 0.8855755894590847, 0.8907766990291263, 0.8880027739251041, 0.8897364771151179, 0.8932038834951457], "val_acc": [0.5691797845898923, 0.6984258492129246, 0.7398508699254349, 0.7808616404308202, 0.7932891466445733, 0.8073736536868269, 0.8289146644573322, 0.8429991714995857, 0.8471416735708368, 0.8454846727423364, 0.8591549295774648, 0.8591549295774648, 0.8707539353769677, 0.8715824357912179, 0.8844241922120961, 0.8782104391052196, 0.8881524440762221, 0.8869096934548467, 0.8914664457332229, 0.8985086992543496]}