{"te_f1_macro": 0.941095558814124, "te_f1_weighted": 0.9285135173262894, "te_f1_micro": 0.9299583911234397, "te_precision": 0.9316502870573589, "te_recall": 0.9299583911234397, "tr_loss": [0.8318509196481989, 0.5564343330932652, 0.4628894152258532, 0.4271205767219615, 0.37621785733475444, 0.3756081470788121, 0.31779396647116337, 0.29113622709643383, 0.2663021205427708, 0.2403247054984896, 0.25330596060552363, 0.24029780826074149, 0.20477101831007039, 0.19624590289716842, 0.18608513265805576, 0.1838476246481016, 0.17412266630400294, 0.1917149484048062, 0.1698855174107317, 0.1783334039977483], "te_loss": [0.857792040087727, 0.9202731174524051, 0.5600003230484943, 0.4755687523328398, 0.41455774348172336, 0.43035852593911006, 0.38852597601536076, 0.3792099009801462, 0.35368656293177736, 0.40596742253239043, 0.2448248759728447, 0.25425240389186365, 0.37219551804988293, 0.3267147837157636, 0.26282502720636236, 0.28561296244765455, 0.3613698877466535, 0.3276816410310928, 0.28245245715430145, 0.21093835937952035], "val_loss": [0.8431626706883348, 0.8775653037942434, 0.5321546365763891, 0.44491782812239616, 0.397616614995782, 0.4092852538690749, 0.37980597067466926, 0.362392941117904, 0.3414954968003592, 0.40840908397195896, 0.24531636639114687, 0.24813358948659384, 0.3735931907682475, 0.32688876302710673, 0.2736637904459199, 0.2910599335958655, 0.36825014502288467, 0.3351250085092359, 0.2868989647829839, 0.22018239285191946], "tr_acc": [0.6838130230659318, 0.8109818330271484, 0.844049806082874, 0.8522147377015717, 0.8654827515819555, 0.862012655644009, 0.8869156970810369, 0.8977342314758114, 0.9056950398040416, 0.9112063686466626, 0.9091651357419882, 0.91141049193713, 0.9228413962033069, 0.9297815880791999, 0.9324351908552766, 0.9281486017554603, 0.9361094100836905, 0.9281486017554603, 0.9346805470504185, 0.9295774647887324], "te_acc": [0.6456310679611651, 0.6106102635228848, 0.8124133148404993, 0.826629680998613, 0.8547156726768377, 0.8457004160887656, 0.871012482662968, 0.8637309292649098, 0.8723994452149791, 0.8567961165048543, 0.9077669902912622, 0.9036061026352289, 0.8737864077669902, 0.8807212205270458, 0.909500693481276, 0.9091539528432733, 0.886615811373093, 0.8897364771151179, 0.9108876560332871, 0.9289181692094314], "val_acc": [0.6578293289146645, 0.6350455675227837, 0.8305716652858326, 0.8413421706710853, 0.8616404308202155, 0.8649544324772163, 0.8782104391052196, 0.8744821872410936, 0.8769676884838442, 0.859983429991715, 0.9092792046396023, 0.9043082021541011, 0.8744821872410936, 0.8852526926263463, 0.9084507042253521, 0.9076222038111019, 0.8856669428334715, 0.891880695940348, 0.9125932062966031, 0.924192212096106]}