{"te_f1_macro": 0.6230230094376314, "te_f1_weighted": 0.7535336289920441, "te_f1_micro": 0.763869625520111, "te_precision": 0.7568981762027998, "te_recall": 0.763869625520111, "tr_loss": [1.371397104864827, 1.065488112060409, 0.9507015888655421, 0.8975743998384251, 0.8560052444604398, 0.8344179437425239, 0.8085372247703709, 0.78976831341987, 0.7812865948793863, 0.7946535389772311, 0.7550097918554237, 0.7460410447905662, 0.7435838852543859, 0.7306172286619773, 0.7059496539810478, 0.7310587496970667, 0.6827370528908111, 0.6942368306342765, 0.6789393805075383, 0.6802230551184915], "te_loss": [1.1640651685685621, 0.9673488690684473, 0.9181019253563781, 0.8612134446300845, 0.8401105625764176, 0.7985931647303366, 0.8108498374731299, 0.7838443970816641, 0.75178275618511, 0.7415968967748912, 0.7661929238489448, 0.726171440203337, 0.7445518606382419, 0.7282802525096561, 0.6730862504643764, 0.7000748817544126, 0.6968251289141038, 0.6731921431896549, 0.6935046351593551, 0.661851732194651], "val_loss": [1.1925942980759185, 0.9909543531338044, 0.9252856001689993, 0.8606259221613851, 0.8391407460295275, 0.8015667543913968, 0.8146612017470247, 0.768720374881678, 0.7401499369003453, 0.7318952462196894, 0.7786121975010154, 0.7240227114906119, 0.7448057703127546, 0.7214759794367105, 0.6676394990903836, 0.6956485089751049, 0.6927974861479413, 0.6817043257557788, 0.6999245721510401, 0.6679232649106992], "tr_acc": [0.3833435394978567, 0.6133904878546642, 0.6619718309859155, 0.6793223106756481, 0.6974892835272505, 0.7056542151459482, 0.7132067768932435, 0.7164727495407226, 0.7199428454786692, 0.7164727495407226, 0.730965503163911, 0.7307613798734436, 0.7344355991018575, 0.7315778730353133, 0.7448458869156971, 0.7368850785874669, 0.7513778322106552, 0.7523984486629924, 0.7497448458869157, 0.7513778322106552], "te_acc": [0.5811373092926491, 0.651872399445215, 0.6615811373092927, 0.6920943134535368, 0.7298890429958391, 0.7149791955617198, 0.7447988904299584, 0.7326629680998613, 0.736130374479889, 0.7517337031900139, 0.7264216366158114, 0.7590152565880721, 0.7506934812760055, 0.7718446601941747, 0.7669902912621359, 0.7642163661581137, 0.7642163661581137, 0.7635228848821082, 0.7604022191400832, 0.7586685159500693], "val_acc": [0.5629660314830157, 0.6433305716652858, 0.6545153272576636, 0.6872410936205469, 0.7228666114333057, 0.7116818558409279, 0.7410936205468103, 0.7323943661971831, 0.7402651201325601, 0.748135874067937, 0.7212096106048053, 0.7539353769676885, 0.7332228666114333, 0.7618061309030655, 0.7584921292460646, 0.7576636288318144, 0.7510356255178128, 0.7642916321458161, 0.7601491300745651, 0.7547638773819387]}