Chromosome	Start	End	Score	gene_id	gene_name	Strand	Methylation_Difference	p_value	q_value
chr4	20590006	20590051	.	ENSG00000145147.20	SLIT2	+	0.395375	0.029	0.027
chr5	250626	250641	.	ENSG00000073578.17	SDHA	+	-0.135522	0.0087	1.0
chr7	6735673	6735710	.	ENSG00000187953.10	PMS2CL	+	0.174874	0.041	1.0
chr9	93184989	93184999	.	ENSG00000165238.16	WNK2	+	-0.319445	0.041	1.0
chr9	133914695	133914778	.	ENSG00000160293.17	VAV2	-	-0.172222	0.041	1.0
