{"te_f1_macro": 0.6230230094376314, "te_f1_weighted": 0.7535336289920441, "te_f1_micro": 0.763869625520111, "te_precision": 0.7568981762027998, "te_recall": 0.763869625520111, "tr_loss": [1.3713971251832098, 1.0654881166959203, 0.9507016036237447, 0.8975744017850966, 0.8560052464071112, 0.8344179655817436, 0.8085372257254566, 0.789768313541537, 0.7812865852555296, 0.7946535264820341, 0.7550097885004572, 0.7460410568477621, 0.7435839115344497, 0.7306172278468087, 0.7059496353660026, 0.7310587690238637, 0.6827370449642085, 0.6942368178349121, 0.6789393851795497, 0.6802230440407145], "te_loss": [1.1640651672458517, 0.9673488874210564, 0.9181019267204235, 0.8612134520703314, 0.8401105465488857, 0.7985931728319388, 0.8108498206085702, 0.7838444022485023, 0.7517827365924598, 0.7415968697833287, 0.7661928981025904, 0.7261713990753054, 0.7445518144260415, 0.7282802326457469, 0.6730862409780616, 0.7000748382909702, 0.6968251091121966, 0.6731920412996069, 0.6935045642910032, 0.6618517153740094], "val_loss": [1.1925942957055597, 0.9909543593066136, 0.9252855873048651, 0.8606259379637765, 0.8391407304493573, 0.8015667698974933, 0.8146611841051363, 0.7687203873445796, 0.7401499212461013, 0.7318952516887982, 0.7786121639394523, 0.7240227296618188, 0.7448057256030982, 0.7214759725571148, 0.6676394586199038, 0.6956484076715913, 0.6927974962034473, 0.6817041953428407, 0.699924536202143, 0.6679232367179369], "tr_acc": [0.3833435394978567, 0.6133904878546642, 0.6619718309859155, 0.6793223106756481, 0.6974892835272505, 0.7056542151459482, 0.7132067768932435, 0.7164727495407226, 0.7199428454786692, 0.7164727495407226, 0.730965503163911, 0.7307613798734436, 0.7344355991018575, 0.7315778730353133, 0.7448458869156971, 0.7368850785874669, 0.7513778322106552, 0.7523984486629924, 0.7497448458869157, 0.7513778322106552], "te_acc": [0.5811373092926491, 0.651872399445215, 0.6615811373092927, 0.6920943134535368, 0.7298890429958391, 0.7149791955617198, 0.7447988904299584, 0.7326629680998613, 0.736130374479889, 0.7517337031900139, 0.7264216366158114, 0.7590152565880721, 0.7506934812760055, 0.7718446601941747, 0.7669902912621359, 0.7642163661581137, 0.7642163661581137, 0.7635228848821082, 0.7604022191400832, 0.7586685159500693], "val_acc": [0.5629660314830157, 0.6433305716652858, 0.6545153272576636, 0.6872410936205469, 0.7228666114333057, 0.7116818558409279, 0.7410936205468103, 0.7323943661971831, 0.7402651201325601, 0.748135874067937, 0.7212096106048053, 0.7539353769676885, 0.7332228666114333, 0.7618061309030655, 0.7584921292460646, 0.7576636288318144, 0.7510356255178128, 0.7642916321458161, 0.7601491300745651, 0.7547638773819387]}