{"te_f1_macro": 0.8443165227081847, "te_f1_weighted": 0.8164161444320752, "te_f1_micro": 0.8226774991169198, "te_precision": 0.8508009506619099, "te_recall": 0.8226774991169198, "tr_loss": [0.965599415535533, 0.7474281203775475, 0.6401727429464902, 0.5973464675014651, 0.5703961757917642, 0.5517058621049405, 0.5405832325446672, 0.5229053627804172, 0.5088920320810656, 0.5000738596906639, 0.48608581211534424, 0.4824658097891972, 0.47302303179417404, 0.45194910807234817, 0.4425038981170012, 0.43514061425816275, 0.4260909969365014, 0.41277914997952025, 0.40841244006979055, 0.39475023428630907], "te_loss": [0.7803735533437726, 0.6421334214616436, 0.5852403340092063, 0.5469690007567195, 0.5298991701452187, 0.5166026541219083, 0.5088186580273255, 0.505777857784499, 0.4807755996380034, 0.4886601155236263, 0.46603871642469474, 0.4557576021176267, 0.4793940937295898, 0.42913245455783317, 0.41525114723752643, 0.449356295897404, 0.42750550171209706, 0.4080320094550553, 0.4266218465572951, 0.40751429262703615], "val_loss": [0.7840984025750343, 0.656026113120592, 0.6046865962209306, 0.5672608175541541, 0.5478844474834383, 0.5324223732637913, 0.5326144040552361, 0.5200421826639633, 0.4978550813661735, 0.4927349620179688, 0.470250856886073, 0.4576503643182548, 0.46392354706228023, 0.4318562576303257, 0.42276012388257306, 0.4251807028680822, 0.4151232727084148, 0.3887194135113399, 0.38662222794054774, 0.3756947364624775], "tr_acc": [0.5396952686447474, 0.6355252606255012, 0.6916599839615076, 0.7199278267842822, 0.7315557337610264, 0.7381716118684843, 0.7335605453087409, 0.7532076984763433, 0.7568163592622293, 0.7612269446672013, 0.776663993584603, 0.7710505212510024, 0.7770649558941459, 0.7878909382518043, 0.7977145148356054, 0.8009222133119487, 0.8009222133119487, 0.8177626303127506, 0.8147554129911788, 0.8259823576583801], "te_acc": [0.5711762628046627, 0.6654892264217591, 0.7336630166019075, 0.7442599788060756, 0.7742847050512186, 0.7672200635817732, 0.721299894030378, 0.7672200635817732, 0.812433768986224, 0.7647474390674673, 0.7937124690921936, 0.7933592370187214, 0.762981278700106, 0.8060755916637231, 0.823030731190392, 0.7866478276227481, 0.7986577181208053, 0.8131402331331685, 0.7975980219003885, 0.8110208406923348], "val_acc": [0.5557363710333605, 0.6627339300244101, 0.7152156224572823, 0.7335231895850285, 0.773393002441009, 0.7542717656631408, 0.710740439381611, 0.7925142392188771, 0.7705451586655818, 0.7782750203417412, 0.8258746948738812, 0.8079739625711961, 0.7782750203417412, 0.8417412530512612, 0.8563873067534581, 0.8230268510984541, 0.8311635475996745, 0.8486574450772986, 0.8291293734743694, 0.8494711147274207]}