{"te_f1_macro": 0.8366603227937629, "te_f1_weighted": 0.8259915640550065, "te_f1_micro": 0.8258565877781703, "te_precision": 0.8270230686704426, "te_recall": 0.8258565877781703, "tr_loss": [1.2299029772627708, 0.8915493549015776, 0.8006572054688608, 0.6998291683369096, 0.6594652200854102, 0.6314184835364366, 0.6195962226142286, 0.6006182090415894, 0.5915747971035713, 0.5825387417266344, 0.5733320994575978, 0.5608369868424958, 0.5532624285127415, 0.5402513087130396, 0.5213933558395221, 0.5061386053621434, 0.4953156723532566, 0.48032860303747243, 0.4723641575816735, 0.4594176271101333], "te_loss": [0.9254594152784735, 0.8198775451371123, 0.7323967589375325, 0.6646130893054425, 0.6270231779958199, 0.5959725571537725, 0.5813625338051438, 0.5621603444792365, 0.553187111248527, 0.5567653502141238, 0.5302082107750109, 0.5205362742547642, 0.5130073166449387, 0.5106947442660774, 0.4717363304402962, 0.4576710034747378, 0.45212303375195634, 0.44321979616522916, 0.4227916928240454, 0.41783476642230005], "val_loss": [0.922526036170171, 0.8190761817190296, 0.7377847135309479, 0.6880093905089637, 0.6517650732866044, 0.6217516617041666, 0.6050145053785928, 0.5880241907156998, 0.5792801838953191, 0.5905726477806892, 0.5543902630336504, 0.5506191254632079, 0.5422133359606427, 0.5478808587891383, 0.5021534102830196, 0.4895213654217825, 0.4800346006311179, 0.47711550224302646, 0.4579523349312673, 0.4590948656189238], "tr_acc": [0.46210906174819566, 0.5571371291098637, 0.615477145148356, 0.6684041700080192, 0.6844426623897354, 0.683841218925421, 0.6930633520449078, 0.6976744186046512, 0.706495589414595, 0.7050922213311949, 0.7239374498797113, 0.7353648757016841, 0.7435846030473136, 0.7614274258219728, 0.7820769847634322, 0.7961106655974338, 0.8011226944667201, 0.8069366479550922, 0.8125501202886929, 0.818364073777065], "te_acc": [0.5672907099964677, 0.6057930060049452, 0.6736135641116213, 0.6743200282585659, 0.6760861886259273, 0.6856234546096786, 0.6902154715648181, 0.6933945602260685, 0.7011656658424585, 0.7103496997527375, 0.7636877428470505, 0.7333097845284352, 0.824090427410809, 0.8078417520310844, 0.8152596255740021, 0.8262098198516425, 0.8152596255740021, 0.8343341575415048, 0.8382197103496998, 0.838572942423172], "val_acc": [0.5537021969080553, 0.5903173311635476, 0.6651749389747762, 0.6643612693246542, 0.6668022782750204, 0.6712774613506917, 0.6724979658258747, 0.6802278275020341, 0.6871440195280716, 0.6908055329536208, 0.7538649308380797, 0.7062652563059398, 0.8161106590724166, 0.7973962571196095, 0.8034987794955248, 0.8205858421480878, 0.807567127746135, 0.8124491456468673, 0.8185516680227828, 0.8140764849471115]}