{"te_f1_macro": 0.9289120406973179, "te_f1_weighted": 0.9159799028469728, "te_f1_micro": 0.9159307665135994, "te_precision": 0.9219838676229157, "te_recall": 0.9159307665135994, "tr_loss": [0.7952380471929322, 0.5469205097475335, 0.4422268390703316, 0.3981192190119431, 0.3630897332499672, 0.3380973733178883, 0.30256526703918657, 0.30274704543226894, 0.2565129738668489, 0.24887802613766172, 0.21356080679197548, 0.20064694485190207, 0.18909018694063903, 0.19640562314698481, 0.17316659572201915, 0.1637148135240879, 0.15193041861535267, 0.15334161376369984, 0.14888081575931314, 0.14126640674153995], "te_loss": [0.6349061392760875, 0.5420794816709416, 0.5891244882663119, 0.4089160967277411, 0.4680056360365013, 0.2750068891600053, 0.3681634050803486, 0.2746301410855947, 0.22977074060664082, 0.22327277224335895, 0.2626463541164284, 0.19127865383583764, 0.24645349085436236, 0.2149660832066706, 0.20317825844497572, 0.19756063136773158, 0.19306493557118476, 0.15835274656473305, 0.1923712519464961, 0.20912372750134403], "val_loss": [0.632499464650383, 0.5347725522527857, 0.5497620037845522, 0.41545912606430985, 0.4332103349019882, 0.28493035368263675, 0.33277404681757466, 0.25597082244564207, 0.2583612259371286, 0.21725215828932815, 0.21711420035633835, 0.18393839414377733, 0.1966390264431959, 0.19909839640069144, 0.16529526112281373, 0.15714680099749195, 0.16408994507750813, 0.15986432871069725, 0.15876766881678916, 0.19599379095922553], "tr_acc": [0.6718123496391339, 0.7874899759422614, 0.8486367281475541, 0.8622694466720129, 0.8744987971130713, 0.8748997594226142, 0.8939454691259021, 0.888532477947073, 0.9109863672814755, 0.9085805934242182, 0.9238171611868484, 0.9296311146752205, 0.933841218925421, 0.9262229350441058, 0.9376503608660786, 0.9394546912590217, 0.9432638331996792, 0.9464715316760225, 0.9420609462710505, 0.9458700882117081], "te_acc": [0.7347227128223243, 0.7636877428470505, 0.7908866125044154, 0.8389261744966443, 0.8209113387495585, 0.9000353232073472, 0.847756976333451, 0.8901448251501236, 0.9159307665135994, 0.9131049099258213, 0.8823737195337337, 0.9233486400565172, 0.9000353232073472, 0.9049805722359591, 0.9194630872483222, 0.9173436948074886, 0.9212292476156835, 0.9385376192158248, 0.9226421759095725, 0.9145178382197103], "val_acc": [0.7518307567127747, 0.7790886899918633, 0.8002441008950366, 0.8376729048006509, 0.8331977217249796, 0.9023596419853539, 0.8628966639544345, 0.9076484947111473, 0.8995117982099268, 0.9174125305126118, 0.9100895036615134, 0.9320585842148088, 0.9255492270138324, 0.9231082180634662, 0.9430431244914564, 0.9458909682668837, 0.9377542717656632, 0.935720097640358, 0.9401952807160293, 0.9137510170870626]}