{"te_f1_macro": 0.8148437745941159, "te_f1_weighted": 0.8049003350352066, "te_f1_micro": 0.8067820558106676, "te_precision": 0.8149444518265149, "te_recall": 0.8067820558106676, "tr_loss": [1.012531405080292, 0.8121200746407773, 0.722836377865425, 0.624670149449262, 0.6020958246282319, 0.5763592503026856, 0.5741962828249958, 0.561845113945275, 0.5586728609937043, 0.5444576714453739, 0.5474631636737343, 0.5373946488763967, 0.5400619045103083, 0.5427270543125982, 0.5345561530175167, 0.5223649824344356, 0.5273196478318288, 0.5196684810669784, 0.5230669788388892, 0.5139844040920377], "te_loss": [0.8430874525384825, 0.7539065182735372, 0.6591768214240254, 0.6036436068047403, 0.5758368449344183, 0.5821988115627326, 0.5520001488580842, 0.545846943718854, 0.5385611440048164, 0.5372844739079854, 0.5294244882707586, 0.538475084666943, 0.5717657841965741, 0.5289411168349417, 0.5193847867129591, 0.5175415263164174, 0.5141642724023359, 0.5236799336709306, 0.5143115604273298, 0.5325807394892114], "val_loss": [0.842861884197052, 0.7549158852695934, 0.6659956323702807, 0.6137580605810303, 0.5915305838534461, 0.596205185592611, 0.5723330120035456, 0.5621343959726096, 0.5578808072527023, 0.5592456838772295, 0.5484594820086989, 0.551977500380104, 0.5750391953257258, 0.5483597272581158, 0.5365587894852516, 0.5341927009544497, 0.5305944358167656, 0.5360390443545808, 0.5336556393892615, 0.5484301122928461], "tr_acc": [0.5064153969526864, 0.5880112269446672, 0.6429430633520449, 0.6780272654370489, 0.6902566158781075, 0.7066960705693665, 0.7068965517241379, 0.7129109863672815, 0.7175220529270249, 0.7225340817963112, 0.7263432237369687, 0.7273456295108259, 0.7299518845228549, 0.7167201283079391, 0.720729751403368, 0.726944667201283, 0.7307538091419407, 0.7369687249398557, 0.7337610264635124, 0.7397754611066559], "te_acc": [0.5672907099964677, 0.7029318262098199, 0.6898622394913458, 0.6789120452137054, 0.713528788413988, 0.7329565524549629, 0.7128223242670434, 0.7181208053691275, 0.7181208053691275, 0.7107029318262098, 0.7145884846344048, 0.7202401978099612, 0.7114093959731543, 0.718827269516072, 0.717414341222183, 0.7393147297774638, 0.8050158954433062, 0.7251854468385729, 0.7347227128223243, 0.7170611091487107], "val_acc": [0.5614320585842149, 0.6895850284784377, 0.6765663140764849, 0.6802278275020341, 0.6989422294548413, 0.7168429617575265, 0.6973148901545972, 0.7021969080553295, 0.7001627339300244, 0.6956875508543532, 0.7026037428803905, 0.7144019528071603, 0.7152156224572823, 0.7066720911310008, 0.7042310821806347, 0.7355573637103336, 0.7986167615947926, 0.7241659886086249, 0.7290480065093572, 0.7111472742066721]}