{"te_f1_macro": 0.9190408829339471, "te_f1_weighted": 0.9033905536935987, "te_f1_micro": 0.9035676439420699, "te_precision": 0.9042551610861852, "te_recall": 0.9035676439420699, "tr_loss": [1.0388931592369233, 0.7911889524391009, 0.6547445866616134, 0.5907202601528397, 0.5488835882930251, 0.5121450900027728, 0.47151462837707164, 0.436108014420117, 0.4002270754949513, 0.37906933263386355, 0.35561827986643807, 0.34218775855605854, 0.3310440159025628, 0.319565327624464, 0.30065767128848037, 0.29304959571829964, 0.2894730092576722, 0.27579582253741375, 0.2639312665751196, 0.2595038302392126], "te_loss": [0.8272898033371834, 0.658535952788703, 0.5829903067990017, 0.5377403448850011, 0.5018822108002275, 0.46721560190356437, 0.4219923457338043, 0.38854083110401044, 0.3967576641701254, 0.3429950267255454, 0.3418402192618728, 0.3524807224590338, 0.3293505727044688, 0.3113721579429077, 0.30102358572645604, 0.35246849470616903, 0.2847154583664843, 0.32653284041294567, 0.27082374863555514, 0.28382601547645453], "val_loss": [0.8323169445196141, 0.6664697347956038, 0.5985836294048487, 0.5583989064901025, 0.5198739953308789, 0.4835557786791765, 0.4416960175683384, 0.41995101459051554, 0.415042554779301, 0.3749939951109052, 0.3742425596452128, 0.3815413689205955, 0.3579696584902128, 0.34673785217609515, 0.33896867464091157, 0.36170552240531556, 0.31819871048601395, 0.3515986639421291, 0.30048162940559203, 0.30625832439729894], "tr_acc": [0.4963913392141139, 0.6064554931836408, 0.6918604651162791, 0.7235364875701684, 0.7638331996792301, 0.8017241379310345, 0.8221732157177225, 0.8360064153969526, 0.8536487570168404, 0.8558540497193264, 0.8702886928628709, 0.8763031275060145, 0.8815156375300722, 0.8821170809943866, 0.8915396952686447, 0.8935445068163592, 0.8913392141138733, 0.896952686447474, 0.8991579791499599, 0.9035685645549318], "te_acc": [0.5708230307311903, 0.7018721299894031, 0.7001059696220416, 0.7651006711409396, 0.7937124690921936, 0.7993641822677499, 0.8449311197456729, 0.8456375838926175, 0.8382197103496998, 0.8738961497703992, 0.8767220063581773, 0.8721299894030378, 0.8799010950194278, 0.8912045213705404, 0.8887318968562345, 0.8657718120805369, 0.8961497703991522, 0.8813140233133169, 0.9014482515012363, 0.8947368421052632], "val_acc": [0.5602115541090318, 0.6981285598047193, 0.7001627339300244, 0.758340113913751, 0.7949552481692432, 0.7994304312449145, 0.8368592351505288, 0.8336045565500407, 0.8323840520748577, 0.8506916192026037, 0.8637103336045565, 0.8506916192026037, 0.8653376729048007, 0.8624898291293734, 0.870626525630594, 0.8624898291293734, 0.8787632221318145, 0.8669650122050447, 0.8917819365337672, 0.8889340927583401]}