{"te_f1_macro": 0.8148437745941159, "te_f1_weighted": 0.8049003350352066, "te_f1_micro": 0.8067820558106676, "te_precision": 0.8149444518265149, "te_recall": 0.8067820558106676, "tr_loss": [1.012531420136798, 0.8121200761703271, 0.7228363786301999, 0.6246701370216697, 0.6020958169326843, 0.5763592505894762, 0.5741962756074326, 0.5618451185339245, 0.5586728581257983, 0.544457666474337, 0.5474631590850848, 0.5373946464386766, 0.540061908334183, 0.5427270512057001, 0.534556152061548, 0.5223649757904536, 0.5273196504129442, 0.5196684879499526, 0.5230669742502397, 0.5139843968744744], "te_loss": [0.8430874511910091, 0.7539065234107796, 0.6591768224346305, 0.6036436224691188, 0.575836835165236, 0.5821988151419588, 0.5520001315514724, 0.5458469435925283, 0.5385611501526639, 0.5372844750449162, 0.5294244854073775, 0.5384750818456706, 0.5717657690796065, 0.5289411183508492, 0.5193847851970514, 0.5175415348223434, 0.5141642624647194, 0.5236799342604502, 0.5143115677542166, 0.5325807357836595], "val_loss": [0.8428618712964535, 0.7549158957452673, 0.6659956244165283, 0.6137580701837315, 0.5915305808465398, 0.5962051888420099, 0.5723330170473886, 0.5621344075152503, 0.5578808069617114, 0.5592456753414952, 0.5484594802627533, 0.5519774970337081, 0.5750391918823329, 0.5483597403042098, 0.5365587853143815, 0.5341927000814768, 0.5305944358652641, 0.5360390495439192, 0.5336556362853582, 0.5484301147662691], "tr_acc": [0.5064153969526864, 0.5880112269446672, 0.6429430633520449, 0.6780272654370489, 0.6902566158781075, 0.7066960705693665, 0.7068965517241379, 0.7129109863672815, 0.7175220529270249, 0.7225340817963112, 0.7263432237369687, 0.7273456295108259, 0.7299518845228549, 0.7167201283079391, 0.720729751403368, 0.726944667201283, 0.7307538091419407, 0.7369687249398557, 0.7337610264635124, 0.7397754611066559], "te_acc": [0.5672907099964677, 0.7029318262098199, 0.6898622394913458, 0.6789120452137054, 0.713528788413988, 0.7329565524549629, 0.7128223242670434, 0.7181208053691275, 0.7181208053691275, 0.7107029318262098, 0.7145884846344048, 0.7202401978099612, 0.7114093959731543, 0.718827269516072, 0.717414341222183, 0.7393147297774638, 0.8050158954433062, 0.7251854468385729, 0.7347227128223243, 0.7170611091487107], "val_acc": [0.5614320585842149, 0.6895850284784377, 0.6765663140764849, 0.6802278275020341, 0.6989422294548413, 0.7168429617575265, 0.6973148901545972, 0.7021969080553295, 0.7001627339300244, 0.6956875508543532, 0.7026037428803905, 0.7144019528071603, 0.7152156224572823, 0.7066720911310008, 0.7042310821806347, 0.7355573637103336, 0.7986167615947926, 0.7241659886086249, 0.7290480065093572, 0.7111472742066721]}