{"te_f1_macro": 0.9197518869755152, "te_f1_weighted": 0.9050915967934596, "te_f1_micro": 0.9053338043094313, "te_precision": 0.9166061272135453, "te_recall": 0.9053338043094313, "tr_loss": [0.7952526512868708, 0.5470281093715187, 0.4429102336155862, 0.39804980878172247, 0.3652623654511229, 0.3402124508056243, 0.30346221040035115, 0.3090326677419323, 0.2572256878269321, 0.2503553826329033, 0.2142161879070109, 0.2017205736593141, 0.1893796917430477, 0.19510414442398497, 0.17976431438061555, 0.16523675596656662, 0.15615267561092888, 0.15441191265749377, 0.14842061042403257, 0.14282738412009685], "te_loss": [0.6353282294312116, 0.5388130130636444, 0.5910568133507125, 0.40209835296130275, 0.4724986609828131, 0.2808876291933265, 0.3716545830931776, 0.29695170570371515, 0.23392273540928019, 0.22486813699596975, 0.25081393047930367, 0.1898154197165335, 0.26642340318510704, 0.2142312697768843, 0.1993096718220524, 0.22312123860330896, 0.1835059244613351, 0.16819386290013263, 0.1827104829912344, 0.19512612678186922], "val_loss": [0.6328505227195237, 0.5322092718181812, 0.551651145987049, 0.410334561489965, 0.4380703565063663, 0.28524244568811574, 0.33667575469145067, 0.2754612289084178, 0.26617024049611476, 0.21946893492978797, 0.21201498965309148, 0.1831347565519024, 0.2156994663378977, 0.20503857031015965, 0.16708126345284108, 0.16234254932820652, 0.16650877428597993, 0.1731311211118473, 0.16506469174552682, 0.18602698414523589], "tr_acc": [0.6728147554129912, 0.7882919005613472, 0.8484362469927826, 0.8618684843624699, 0.8734963913392141, 0.8769045709703288, 0.8927425821972734, 0.8859262229350441, 0.908981555733761, 0.9087810745789896, 0.923616680032077, 0.9282277465918204, 0.931635926222935, 0.9280272654370489, 0.9326383319967922, 0.9350441058540497, 0.940056134723336, 0.9448676824378508, 0.9428628708901363, 0.9444667201283079], "te_acc": [0.7354291769692688, 0.7668668315083009, 0.7905333804309431, 0.8442246555987284, 0.8173790180148357, 0.8975626986930413, 0.8449311197456729, 0.8781349346520664, 0.9138113740727658, 0.9138113740727658, 0.8912045213705404, 0.924408336276934, 0.8919109855174849, 0.9085128929706817, 0.9222889438361003, 0.9035676439420699, 0.9265277287177676, 0.9304132815259626, 0.9222889438361003, 0.9215824796891557], "val_acc": [0.7518307567127747, 0.7807160292921074, 0.8002441008950366, 0.8401139137510171, 0.8319772172497966, 0.8978844589096827, 0.8600488201790073, 0.8946297803091945, 0.8995117982099268, 0.9149715215622457, 0.9117168429617575, 0.9320585842148088, 0.9161920260374288, 0.9239218877135883, 0.9389747762408462, 0.9450772986167616, 0.9401952807160293, 0.9296175752644427, 0.9365337672904801, 0.9165988608624899]}