{"te_f1_macro": 0.8443165227081847, "te_f1_weighted": 0.8164161444320752, "te_f1_micro": 0.8226774991169198, "te_precision": 0.8508009506619099, "te_recall": 0.8226774991169198, "tr_loss": [0.9655994033469328, 0.7474281219548957, 0.6401727437590635, 0.5973464671190777, 0.570396173115052, 0.5517058619137468, 0.540583236942123, 0.5229053693766009, 0.5088920322722593, 0.5000738593321756, 0.4860858110159803, 0.4824658059653226, 0.47302304073248086, 0.45194909770008845, 0.4425038881749273, 0.43514061473614707, 0.4260909989440355, 0.41277915628891326, 0.4084124387792329, 0.39475026320436046], "te_loss": [0.7803735496803291, 0.6421334327888422, 0.5852403268086451, 0.5469689936824841, 0.5298991607129048, 0.5166026627541599, 0.5088186349097346, 0.5057778511313489, 0.48077561462864526, 0.48866012293473016, 0.46603871899331595, 0.4557575847689064, 0.4793941179630572, 0.4291324388934546, 0.4152511480375888, 0.44935631484624905, 0.4275055113970623, 0.4080320170977561, 0.4266218384092918, 0.4075142524975932], "val_loss": [0.7840984107227806, 0.6560261260211904, 0.6046865840963079, 0.5672608282238221, 0.5478844448160214, 0.5324223809265528, 0.5326143942585411, 0.5200421817909905, 0.49785508573103765, 0.49273497021421364, 0.47025084105131587, 0.4576503528241126, 0.46392355739245866, 0.4318562599582532, 0.4227601242220625, 0.4251807226797155, 0.4151233145141136, 0.3887194164212493, 0.3866222288620191, 0.3756947556678797], "tr_acc": [0.5396952686447474, 0.6355252606255012, 0.6916599839615076, 0.7199278267842822, 0.7315557337610264, 0.7381716118684843, 0.7335605453087409, 0.7532076984763433, 0.7568163592622293, 0.7612269446672013, 0.776663993584603, 0.7710505212510024, 0.7770649558941459, 0.7878909382518043, 0.7977145148356054, 0.8009222133119487, 0.8009222133119487, 0.8177626303127506, 0.8147554129911788, 0.8259823576583801], "te_acc": [0.5711762628046627, 0.6654892264217591, 0.7336630166019075, 0.7442599788060756, 0.7742847050512186, 0.7672200635817732, 0.721299894030378, 0.7672200635817732, 0.812433768986224, 0.7647474390674673, 0.7937124690921936, 0.7933592370187214, 0.762981278700106, 0.8060755916637231, 0.823030731190392, 0.7866478276227481, 0.7986577181208053, 0.8131402331331685, 0.7975980219003885, 0.8110208406923348], "val_acc": [0.5557363710333605, 0.6627339300244101, 0.7152156224572823, 0.7335231895850285, 0.773393002441009, 0.7542717656631408, 0.710740439381611, 0.7925142392188771, 0.7705451586655818, 0.7782750203417412, 0.8258746948738812, 0.8079739625711961, 0.7782750203417412, 0.8417412530512612, 0.8563873067534581, 0.8230268510984541, 0.8311635475996745, 0.8486574450772986, 0.8291293734743694, 0.8494711147274207]}