{"te_f1_macro": 0.9190408829339471, "te_f1_weighted": 0.9033905536935987, "te_f1_micro": 0.9035676439420699, "te_precision": 0.9042551610861852, "te_recall": 0.9035676439420699, "tr_loss": [1.0388931750104058, 0.791188957314541, 0.6547445929710064, 0.590720275018152, 0.5488835956539836, 0.5121450811600627, 0.4715146322009462, 0.4361080175270151, 0.400227075351556, 0.37906934661490493, 0.35561827876707414, 0.3421877629535143, 0.33104401145730866, 0.31956534595516267, 0.3006576742997816, 0.293049601286817, 0.28947302903427347, 0.2757958265763813, 0.2639312802932696, 0.2595038226153627], "te_loss": [0.8272898087691857, 0.6585359375033013, 0.5829903123152209, 0.5377403409267979, 0.5018822137057171, 0.4672156117569638, 0.42199236859874395, 0.388540842052232, 0.39675774885040843, 0.3429950401160625, 0.3418402464639926, 0.3524807723997676, 0.3293506597007218, 0.31137218253429766, 0.30102361895009766, 0.3524686372646465, 0.28471549535884066, 0.3265328619514662, 0.27082379571290793, 0.28382600078057246], "val_loss": [0.8323169417067017, 0.6664697482781841, 0.5985836439543958, 0.5583988969358998, 0.519873987037637, 0.4835557953626572, 0.44169603444581307, 0.419951040343214, 0.4150426103585711, 0.37499400515009274, 0.3742425647860528, 0.38154140005662635, 0.35796971472421246, 0.34673786420372077, 0.33896869976312966, 0.3617056291989915, 0.31819877363104854, 0.35159869813356487, 0.3004816717447742, 0.30625831588581387], "tr_acc": [0.4963913392141139, 0.6064554931836408, 0.6918604651162791, 0.7235364875701684, 0.7638331996792301, 0.8017241379310345, 0.8221732157177225, 0.8360064153969526, 0.8536487570168404, 0.8558540497193264, 0.8702886928628709, 0.8763031275060145, 0.8815156375300722, 0.8821170809943866, 0.8915396952686447, 0.8935445068163592, 0.8913392141138733, 0.896952686447474, 0.8991579791499599, 0.9035685645549318], "te_acc": [0.5708230307311903, 0.7018721299894031, 0.7001059696220416, 0.7651006711409396, 0.7937124690921936, 0.7993641822677499, 0.8449311197456729, 0.8456375838926175, 0.8382197103496998, 0.8738961497703992, 0.8767220063581773, 0.8721299894030378, 0.8799010950194278, 0.8912045213705404, 0.8887318968562345, 0.8657718120805369, 0.8961497703991522, 0.8813140233133169, 0.9014482515012363, 0.8947368421052632], "val_acc": [0.5602115541090318, 0.6981285598047193, 0.7001627339300244, 0.758340113913751, 0.7949552481692432, 0.7994304312449145, 0.8368592351505288, 0.8336045565500407, 0.8323840520748577, 0.8506916192026037, 0.8637103336045565, 0.8506916192026037, 0.8653376729048007, 0.8624898291293734, 0.870626525630594, 0.8624898291293734, 0.8787632221318145, 0.8669650122050447, 0.8917819365337672, 0.8889340927583401]}