{"te_f1_macro": 0.9293889553295049, "te_f1_weighted": 0.9166183481723722, "te_f1_micro": 0.9166372306605439, "te_precision": 0.9235495893690892, "te_recall": 0.9166372306605439, "tr_loss": [0.7952210523648174, 0.5472663868974473, 0.4435675647274054, 0.39762239579974695, 0.3681312885251921, 0.3406239781460001, 0.3043525372635582, 0.30534888925844894, 0.25712375807685667, 0.2512550924956177, 0.21428542427043487, 0.2025733395586419, 0.18919318245235403, 0.19435850036149036, 0.17157228585592535, 0.1623204556841227, 0.1525407503893018, 0.1560372644027138, 0.150675118668565, 0.1399345355169622], "te_loss": [0.6353852132822844, 0.5400802228443196, 0.5969613713032363, 0.3991466122480384, 0.47554436535516925, 0.278384329530722, 0.37185543133403165, 0.2799326637342009, 0.2311251597305946, 0.22672796129380296, 0.25236755043152403, 0.19602854233544356, 0.24324365186000704, 0.21268374892099717, 0.20957815329205734, 0.1962486811426999, 0.1846055728582391, 0.16310679608332904, 0.19330795836170753, 0.1932700976850455], "val_loss": [0.6326571669978179, 0.5331748757932708, 0.5563407607734252, 0.4083521812305497, 0.4404568078558653, 0.28652892673374486, 0.33744434688613123, 0.2612803659854234, 0.26138398492598164, 0.22085771054344705, 0.21264570781717076, 0.18835561107192417, 0.19165835470761391, 0.1968013679622343, 0.16402224687127392, 0.15923395809892527, 0.16896535772633223, 0.1686346244288228, 0.15759654069111734, 0.18542492658845577], "tr_acc": [0.6720128307939054, 0.7878909382518043, 0.8466319165998396, 0.8608660785886126, 0.8704891740176424, 0.876102646351243, 0.8917401764234162, 0.888532477947073, 0.9107858861267041, 0.906776263031275, 0.9234161988773055, 0.9284282277465918, 0.9322373696872494, 0.9252205292702486, 0.9402566158781075, 0.9398556535685646, 0.9436647955092221, 0.9438652766639936, 0.9406575781876504, 0.948476343223737], "te_acc": [0.7354291769692688, 0.7640409749205228, 0.7855881314023313, 0.842458495231367, 0.8106676086188626, 0.8993288590604027, 0.8445778876722007, 0.8876722006358178, 0.9148710702931826, 0.9116919816319322, 0.8894383610031791, 0.9233486400565172, 0.8954433062522077, 0.9095725891910985, 0.9155775344401271, 0.9155775344401271, 0.9282938890851289, 0.933592370187213, 0.9215824796891557, 0.9201695513952667], "val_acc": [0.7518307567127747, 0.7807160292921074, 0.7961757526444264, 0.839300244100895, 0.8266883645240033, 0.9007323026851098, 0.8604556550040684, 0.9048006509357202, 0.8995117982099268, 0.9149715215622457, 0.9125305126118796, 0.9300244100895037, 0.9263628966639544, 0.9218877135882831, 0.9418226200162734, 0.9438567941415785, 0.9414157851912124, 0.9349064279902359, 0.9430431244914564, 0.9174125305126118]}