{"te_f1_macro": 0.8148437745941159, "te_f1_weighted": 0.8049003350352066, "te_f1_micro": 0.8067820558106676, "te_precision": 0.8149444518265149, "te_recall": 0.8067820558106676, "tr_loss": [1.0125314013520144, 0.8121200845828511, 0.7228363801119513, 0.6246701485410918, 0.6020958151163439, 0.5763592539353665, 0.5741962784275401, 0.5618451214018304, 0.5586728640528039, 0.5444576677170962, 0.5474631687881666, 0.5373946515531088, 0.5400618995870698, 0.5427270510623048, 0.5345561586577317, 0.5223649889350225, 0.5273196522292846, 0.5196684849386514, 0.5230669847180964, 0.5139844028014801], "te_loss": [0.8430874356950647, 0.7539065237055395, 0.6591768175079308, 0.6036436182582644, 0.5758368399235015, 0.5821988216266747, 0.5520001340779851, 0.5458469488139879, 0.5385611524686338, 0.537284486708983, 0.5294244817018257, 0.5384750722028139, 0.571765782343798, 0.5289411245829139, 0.5193847877235641, 0.5175415386121124, 0.5141642714338394, 0.5236799216278869, 0.5143115694385584, 0.5325807251301977], "val_loss": [0.8428618833240792, 0.7549158825536779, 0.6659956399360452, 0.613758077749496, 0.5915305760936876, 0.5962051998511673, 0.5723330080266693, 0.5621344054783137, 0.5578808091926419, 0.5592456723345888, 0.5484594709510431, 0.5519774889344603, 0.5750391957622122, 0.5483597322049618, 0.5365587880787954, 0.534192704640335, 0.5305944365927414, 0.5360390473129887, 0.5336556328419654, 0.5484300951243805], "tr_acc": [0.5064153969526864, 0.5880112269446672, 0.6429430633520449, 0.6780272654370489, 0.6902566158781075, 0.7066960705693665, 0.7068965517241379, 0.7129109863672815, 0.7175220529270249, 0.7225340817963112, 0.7263432237369687, 0.7273456295108259, 0.7299518845228549, 0.7167201283079391, 0.720729751403368, 0.726944667201283, 0.7307538091419407, 0.7369687249398557, 0.7337610264635124, 0.7397754611066559], "te_acc": [0.5672907099964677, 0.7029318262098199, 0.6898622394913458, 0.6789120452137054, 0.713528788413988, 0.7329565524549629, 0.7128223242670434, 0.7181208053691275, 0.7181208053691275, 0.7107029318262098, 0.7145884846344048, 0.7202401978099612, 0.7114093959731543, 0.718827269516072, 0.717414341222183, 0.7393147297774638, 0.8050158954433062, 0.7251854468385729, 0.7347227128223243, 0.7170611091487107], "val_acc": [0.5614320585842149, 0.6895850284784377, 0.6765663140764849, 0.6802278275020341, 0.6989422294548413, 0.7168429617575265, 0.6973148901545972, 0.7021969080553295, 0.7001627339300244, 0.6956875508543532, 0.7026037428803905, 0.7144019528071603, 0.7152156224572823, 0.7066720911310008, 0.7042310821806347, 0.7355573637103336, 0.7986167615947926, 0.7241659886086249, 0.7290480065093572, 0.7111472742066721]}