Chromosome	Start	End	Score	gene_id	gene_name	Strand	Methylation_Difference	p_value	q_value
chr5	112893014	112893037	.	ENSG00000153037.15	SRP19	+	-0.115467	0.024	0.0079
chr6	106642347	106642356	.	ENSG00000130348.11	QRSL1	+	-0.133007	0.048	0.13
