{"te_f1_macro": 0.9322493158654417, "te_f1_weighted": 0.9198683385667074, "te_f1_micro": 0.9198163193217944, "te_precision": 0.9249166230467287, "te_recall": 0.9198163193217944, "tr_loss": [0.7953339223873166, 0.5469161722788165, 0.4425997488146891, 0.39810794481967293, 0.3628129519121878, 0.3373219248955978, 0.30225977903857837, 0.3083123846491911, 0.2568386732432588, 0.24874932030342825, 0.21339631636284215, 0.20119123542031578, 0.19011523545314143, 0.1963362884502365, 0.17222546535725583, 0.16223572700044683, 0.1517900649843545, 0.15478939564828406, 0.14959032447603862, 0.14543390446122206], "te_loss": [0.6350778055376317, 0.5404687917767292, 0.5836336465532053, 0.4038950212639324, 0.46706531385531574, 0.2747291202934249, 0.36896728892412256, 0.28995585067876023, 0.2312794918413509, 0.2253091416987207, 0.2553679637587226, 0.1874763953816297, 0.23840206559367164, 0.2108994451713663, 0.20593034292606446, 0.1901346718052258, 0.18391997711644162, 0.16531706804818208, 0.1962236239058691, 0.20286289971231025], "val_loss": [0.6325576740905848, 0.5334134609161886, 0.5450565541440437, 0.41188137855250434, 0.43259859662215044, 0.2842766522779224, 0.3343939069231125, 0.2690339906609475, 0.2595569118675514, 0.219333209576308, 0.21271151357593335, 0.1850376818798925, 0.18953352749493182, 0.19642874185053483, 0.16497645665951333, 0.15686776646033257, 0.16800290896603495, 0.17817728034697286, 0.16272356784906303, 0.18375219742974389], "tr_acc": [0.6726142742582197, 0.78728949478749, 0.8482357658380112, 0.8638732959101845, 0.8751002405773858, 0.8763031275060145, 0.8937449879711307, 0.8843223736968725, 0.911186848436247, 0.909382518043304, 0.9252205292702486, 0.9282277465918204, 0.9322373696872494, 0.9256214915797915, 0.9368484362469928, 0.9382518043303929, 0.9432638331996792, 0.9464715316760225, 0.9436647955092221, 0.9452686447473937], "te_acc": [0.7350759448957965, 0.7633345107735783, 0.7922995407983044, 0.8421052631578947, 0.821617802896503, 0.9000353232073472, 0.8474037442599788, 0.8799010950194278, 0.9141646061462381, 0.9120452137054045, 0.8862592723419287, 0.9251148004238785, 0.9046273401624868, 0.9081596608972095, 0.9173436948074886, 0.9187566231013776, 0.9300600494524903, 0.9318262098198516, 0.9201695513952667, 0.9176969268809608], "val_acc": [0.7522375915378356, 0.7807160292921074, 0.8026851098454028, 0.8380797396257119, 0.8356387306753458, 0.903580146460537, 0.8628966639544345, 0.8954434499593165, 0.9011391375101708, 0.9145646867371847, 0.9121236777868186, 0.9328722538649309, 0.9279902359641985, 0.9243287225386493, 0.9422294548413345, 0.9442636289666395, 0.9401952807160293, 0.9292107404393816, 0.9397884458909682, 0.9182262001627339]}