{"te_f1_macro": 0.8443165227081847, "te_f1_weighted": 0.8164161444320752, "te_f1_micro": 0.8226774991169198, "te_precision": 0.8508009506619099, "te_recall": 0.8226774991169198, "tr_loss": [0.9655994117594568, 0.7474281181310212, 0.6401727347729582, 0.5973464579417788, 0.5703961732584473, 0.5517058612445688, 0.5405832401924164, 0.5229053733916692, 0.5088920320332672, 0.5000738633233447, 0.48608582038447296, 0.48246580582192733, 0.4730230412582636, 0.45194910938680505, 0.44250390433079734, 0.4351406222166017, 0.4260910015012516, 0.4127791483782728, 0.40841244728735376, 0.3947502570861611], "te_loss": [0.7803735321210661, 0.6421334253356298, 0.5852403297141346, 0.5469689902716919, 0.529899160039168, 0.5166026550904048, 0.5088186478370578, 0.5057778456151296, 0.4807756094492943, 0.4886601149341067, 0.4660387000865795, 0.4557575892324121, 0.4793940821076315, 0.4291324444517825, 0.41525116083858626, 0.4493563409114381, 0.4275055021331825, 0.4080320226139754, 0.4266218252714259, 0.4075142590244176], "val_loss": [0.7840983963672274, 0.656026112829601, 0.6046865730386521, 0.5672608264778765, 0.5478844434580636, 0.5324223814600362, 0.5326143940645471, 0.5200421835854346, 0.49785508005671425, 0.4927349793319299, 0.4702508657370475, 0.4576503471982877, 0.4639235323672376, 0.4318562668935374, 0.4227601327577968, 0.4251807707174703, 0.41512327362988616, 0.3887194276728991, 0.3866222282800372, 0.3756947508422799], "tr_acc": [0.5396952686447474, 0.6355252606255012, 0.6916599839615076, 0.7199278267842822, 0.7315557337610264, 0.7381716118684843, 0.7335605453087409, 0.7532076984763433, 0.7568163592622293, 0.7612269446672013, 0.776663993584603, 0.7710505212510024, 0.7770649558941459, 0.7878909382518043, 0.7977145148356054, 0.8009222133119487, 0.8009222133119487, 0.8177626303127506, 0.8147554129911788, 0.8259823576583801], "te_acc": [0.5711762628046627, 0.6654892264217591, 0.7336630166019075, 0.7442599788060756, 0.7742847050512186, 0.7672200635817732, 0.721299894030378, 0.7672200635817732, 0.812433768986224, 0.7647474390674673, 0.7937124690921936, 0.7933592370187214, 0.762981278700106, 0.8060755916637231, 0.823030731190392, 0.7866478276227481, 0.7986577181208053, 0.8131402331331685, 0.7975980219003885, 0.8110208406923348], "val_acc": [0.5557363710333605, 0.6627339300244101, 0.7152156224572823, 0.7335231895850285, 0.773393002441009, 0.7542717656631408, 0.710740439381611, 0.7925142392188771, 0.7705451586655818, 0.7782750203417412, 0.8258746948738812, 0.8079739625711961, 0.7782750203417412, 0.8417412530512612, 0.8563873067534581, 0.8230268510984541, 0.8311635475996745, 0.8486574450772986, 0.8291293734743694, 0.8494711147274207]}