{"te_f1_macro": 0.8148437745941159, "te_f1_weighted": 0.8049003350352066, "te_f1_micro": 0.8067820558106676, "te_precision": 0.8149444518265149, "te_recall": 0.8067820558106676, "tr_loss": [1.012531405845067, 0.8121200815237515, 0.7228363889068627, 0.6246701526995554, 0.6020958091415399, 0.5763592539353665, 0.574196278092951, 0.5618451248194183, 0.5586728609459058, 0.5444576609775174, 0.5474631607102315, 0.5373946443355456, 0.5400619080951908, 0.5427270604785959, 0.5345561566501975, 0.5223649793275376, 0.5273196490267896, 0.5196684868983871, 0.5230669849570886, 0.513984403566255], "te_loss": [0.8430874589389813, 0.7539065079148353, 0.6591768131707507, 0.6036436177529618, 0.5758368395866332, 0.5821988100047164, 0.552000129277611, 0.5458469520984544, 0.5385611490999502, 0.5372844802663757, 0.5294244750065671, 0.5384750882461693, 0.5717657844913339, 0.5289411136346923, 0.5193847862076566, 0.5175415361698168, 0.5141642705074514, 0.523679932155023, 0.5143115690174729, 0.5325807458476016], "val_loss": [0.8428618678045622, 0.7549158980731948, 0.6659956395480573, 0.6137580728996469, 0.5915305886062983, 0.5962052007241401, 0.5723330175323734, 0.5621344018894254, 0.5578808012388895, 0.5592456851381903, 0.5484594724059978, 0.551977508091364, 0.5750392045404389, 0.5483597351148712, 0.5365588005914059, 0.5341926977050508, 0.5305944320823819, 0.5360390413476743, 0.5336556362368596, 0.5484301054060604], "tr_acc": [0.5064153969526864, 0.5880112269446672, 0.6429430633520449, 0.6780272654370489, 0.6902566158781075, 0.7066960705693665, 0.7068965517241379, 0.7129109863672815, 0.7175220529270249, 0.7225340817963112, 0.7263432237369687, 0.7273456295108259, 0.7299518845228549, 0.7167201283079391, 0.720729751403368, 0.726944667201283, 0.7307538091419407, 0.7369687249398557, 0.7337610264635124, 0.7397754611066559], "te_acc": [0.5672907099964677, 0.7029318262098199, 0.6898622394913458, 0.6789120452137054, 0.713528788413988, 0.7329565524549629, 0.7128223242670434, 0.7181208053691275, 0.7181208053691275, 0.7107029318262098, 0.7145884846344048, 0.7202401978099612, 0.7114093959731543, 0.718827269516072, 0.717414341222183, 0.7393147297774638, 0.8050158954433062, 0.7251854468385729, 0.7347227128223243, 0.7170611091487107], "val_acc": [0.5614320585842149, 0.6895850284784377, 0.6765663140764849, 0.6802278275020341, 0.6989422294548413, 0.7168429617575265, 0.6973148901545972, 0.7021969080553295, 0.7001627339300244, 0.6956875508543532, 0.7026037428803905, 0.7144019528071603, 0.7152156224572823, 0.7066720911310008, 0.7042310821806347, 0.7355573637103336, 0.7986167615947926, 0.7241659886086249, 0.7290480065093572, 0.7111472742066721]}