{"te_f1_macro": 0.9190408829339471, "te_f1_weighted": 0.9033905536935987, "te_f1_micro": 0.9035676439420699, "te_precision": 0.9042551610861852, "te_recall": 0.9035676439420699, "tr_loss": [1.0388931642079602, 0.7911889512441401, 0.654744583076731, 0.5907202602006382, 0.5488835786855403, 0.5121450842191624, 0.4715146188173852, 0.43610800117995135, 0.40022707305723126, 0.3790693417394649, 0.35561827556457914, 0.34218775587934636, 0.3310440099755572, 0.3195653344357406, 0.3006576677513964, 0.29304959833526384, 0.2894730106079779, 0.2757958239952659, 0.26393126570279823, 0.25950383487566053], "te_loss": [0.8272898097797907, 0.6585359356084168, 0.5829903080201494, 0.5377403264835672, 0.5018822022521929, 0.46721560565122483, 0.4219923516290005, 0.38854082394555783, 0.39675776396737594, 0.34299504466378533, 0.3418402458323644, 0.35248081244499346, 0.3293506088336, 0.31137218733467176, 0.30102362850873726, 0.3524685218661803, 0.28471549091638926, 0.3265328819951334, 0.2708238185146848, 0.2838260716703072], "val_loss": [0.8323169390877831, 0.6664697395484558, 0.598583632508752, 0.5583988802039206, 0.5198739693841864, 0.4835557818315784, 0.44169601844131123, 0.419951015027002, 0.4150426172938553, 0.37499398463523126, 0.3742425780261407, 0.3815414136362037, 0.35796971406948286, 0.3467378673318734, 0.33896869709571265, 0.3617055295103444, 0.31819877486776005, 0.35159871937590365, 0.300481706833432, 0.30625839510809805], "tr_acc": [0.4963913392141139, 0.6064554931836408, 0.6918604651162791, 0.7235364875701684, 0.7638331996792301, 0.8017241379310345, 0.8221732157177225, 0.8360064153969526, 0.8536487570168404, 0.8558540497193264, 0.8702886928628709, 0.8763031275060145, 0.8815156375300722, 0.8821170809943866, 0.8915396952686447, 0.8935445068163592, 0.8913392141138733, 0.896952686447474, 0.8991579791499599, 0.9035685645549318], "te_acc": [0.5708230307311903, 0.7018721299894031, 0.7001059696220416, 0.7651006711409396, 0.7937124690921936, 0.7993641822677499, 0.8449311197456729, 0.8456375838926175, 0.8382197103496998, 0.8738961497703992, 0.8767220063581773, 0.8721299894030378, 0.8799010950194278, 0.8912045213705404, 0.8887318968562345, 0.8657718120805369, 0.8961497703991522, 0.8813140233133169, 0.9014482515012363, 0.8947368421052632], "val_acc": [0.5602115541090318, 0.6981285598047193, 0.7001627339300244, 0.758340113913751, 0.7949552481692432, 0.7994304312449145, 0.8368592351505288, 0.8336045565500407, 0.8323840520748577, 0.8506916192026037, 0.8637103336045565, 0.8506916192026037, 0.8653376729048007, 0.8624898291293734, 0.870626525630594, 0.8624898291293734, 0.8787632221318145, 0.8669650122050447, 0.8917819365337672, 0.8889340927583401]}