{"te_f1_macro": 0.9396674104136917, "te_f1_weighted": 0.9265556699439601, "te_f1_micro": 0.9282246879334258, "te_precision": 0.9304880565664465, "te_recall": 0.9282246879334258, "tr_loss": [0.8317482207935424, 0.5532368642988437, 0.4642876887667006, 0.41394711640640824, 0.37958045342450825, 0.36498608374612673, 0.30615153668513345, 0.2890095635442545, 0.27074271771288033, 0.23436510812314001, 0.249268753677272, 0.23715819718035222, 0.20868709396284243, 0.1970423735977801, 0.19181240562468943, 0.18308175492223416, 0.18111745852259964, 0.18742946856701756, 0.16476085040186783, 0.18494515485679844], "te_loss": [0.8463923459802851, 0.9390542087004353, 0.56347509526264, 0.5545402670359231, 0.42169265196905387, 0.4477027937893894, 0.333184064163125, 0.3502589048773836, 0.3761791225093909, 0.34953813864003436, 0.24639607262739527, 0.2712500413799666, 0.36202579436516297, 0.2763062451814977, 0.2587271178200655, 0.2880179283497196, 0.38483615547170585, 0.2933031709970656, 0.31789385049439833, 0.22280287907436883], "val_loss": [0.8346685802543963, 0.8934854840352057, 0.5352262966242227, 0.5224368801616694, 0.40531228489204685, 0.429169020710425, 0.33477570241210675, 0.33934109862785794, 0.36783229881726276, 0.3517745560669366, 0.24945452864117482, 0.26788569861203554, 0.36925604532826956, 0.28260543968222956, 0.2693461986905228, 0.29331870445196134, 0.38693060710881133, 0.30166034690122173, 0.3279833269522347, 0.22659245562487357], "tr_acc": [0.6832006531945295, 0.810777709736681, 0.8452745458256787, 0.8575219432537252, 0.8648703817105532, 0.8691569708103695, 0.8879363135333742, 0.8940600122473974, 0.9005919575423555, 0.9163094509083486, 0.9128393549704021, 0.9142682180036742, 0.9214125331700347, 0.9299857113696672, 0.9259032455603184, 0.9279444784649928, 0.9328434374362115, 0.9269238620126556, 0.9393753827311696, 0.9310063278220045], "te_acc": [0.6660887656033287, 0.6074895977808599, 0.8096393897364771, 0.8030513176144244, 0.8505547850208044, 0.8422330097087378, 0.9001386962552012, 0.8675450762829403, 0.8661581137309292, 0.8817614424410541, 0.9101941747572816, 0.9025658807212206, 0.8793342579750347, 0.8980582524271845, 0.9084604715672677, 0.9136615811373093, 0.8810679611650486, 0.9056865464632455, 0.9070735090152566, 0.9285714285714286], "val_acc": [0.6714995857497928, 0.6209610604805302, 0.8301574150787076, 0.8140016570008285, 0.8566694283347142, 0.8637116818558409, 0.8914664457332229, 0.8819386909693455, 0.8732394366197183, 0.8823529411764706, 0.9117647058823529, 0.9043082021541011, 0.8802816901408451, 0.8951946975973488, 0.9063794531897266, 0.9076222038111019, 0.8856669428334715, 0.9014084507042254, 0.9047224523612262, 0.923777961888981]}