{"te_f1_macro": 0.6622971899085165, "te_f1_weighted": 0.8030630838165939, "te_f1_micro": 0.8141470180305131, "te_precision": 0.7968298388867662, "te_recall": 0.8141470180305131, "tr_loss": [1.412597110525008, 1.1799984261755507, 1.0322644234579614, 0.9476775224171359, 0.8815401970525011, 0.7953378276074022, 0.7220579596667125, 0.699058127430026, 0.6620026126543486, 0.6587556889408047, 0.6403256247580891, 0.623524892863071, 0.6181378903121797, 0.6134989502375698, 0.5994568099097637, 0.6075551197553294, 0.5792838182466861, 0.58036032357394, 0.5753456553310052, 0.5750206764144882], "te_loss": [1.258204589108323, 1.035524756832361, 0.9355048677792331, 0.8763403133611904, 0.8076497896699734, 0.7090253031369552, 0.6775431751212863, 0.6254682078771552, 0.6283991758436502, 0.6021944099259608, 0.5828858731358458, 0.5790743721176285, 0.5681371541071203, 0.5613557905496076, 0.5645430505523734, 0.5494670902227727, 0.5500668269089951, 0.5359508550200152, 0.579498517819152, 0.5275774630569386], "val_loss": [1.2867768229584904, 1.05266854974388, 0.9311441967777704, 0.8648292854391254, 0.7970144656095608, 0.7025468556616261, 0.6755561746638377, 0.6195240739266934, 0.6242448079655164, 0.5954173559688692, 0.5742056725026659, 0.5748895683017958, 0.5625221113417399, 0.5594754551831315, 0.5549587609667668, 0.5414688311202426, 0.5447146864245278, 0.5328677227996852, 0.5596364549490027, 0.5203358132852043], "tr_acc": [0.4025311288017963, 0.5676668707899571, 0.6358440498060829, 0.6660542967952643, 0.6880996121657481, 0.718513982445397, 0.7474994896917738, 0.7534190651153296, 0.7621963666054297, 0.7728107777097367, 0.7754643804858135, 0.7787303531332925, 0.7793427230046949, 0.7887323943661971, 0.7830169422331088, 0.7870994080424576, 0.7926107368850785, 0.7999591753419065, 0.8020004082465809, 0.7973055725658298], "te_acc": [0.5759361997226075, 0.6511789181692095, 0.6803051317614425, 0.6924410540915396, 0.7167128987517337, 0.753120665742025, 0.7656033287101248, 0.7888349514563107, 0.7871012482662968, 0.7919556171983356, 0.79750346740638, 0.7968099861303745, 0.7964632454923717, 0.8016643550624133, 0.8040915395284327, 0.8030513176144244, 0.8106796116504854, 0.8110263522884882, 0.7992371705963939, 0.8165742024965326], "val_acc": [0.5563380281690141, 0.6536868268434134, 0.6893123446561723, 0.7050538525269263, 0.724109362054681, 0.7626346313173157, 0.7671913835956918, 0.7982601491300746, 0.7990886495443248, 0.8011599005799502, 0.8003314001657, 0.8028169014084507, 0.8044739022369511, 0.8131731565865783, 0.8131731565865783, 0.8090306545153273, 0.8094449047224523, 0.8164871582435791, 0.8094449047224523, 0.820215410107705]}