{"te_f1_macro": 0.916730647939888, "te_f1_weighted": 0.8931200522822021, "te_f1_micro": 0.8938973647711512, "te_precision": 0.8927732146313695, "te_recall": 0.8938973647711512, "tr_loss": [1.3765170473082986, 1.0508642857550212, 0.8281834967454177, 0.7073185735270549, 0.6342186482555162, 0.5873003987985914, 0.5334654824785807, 0.4882720463901034, 0.46266578483712945, 0.4475358972186384, 0.406991808608883, 0.39270322848811734, 0.3786699999763324, 0.36622243514351027, 0.36560264377295665, 0.35173927699821195, 0.327946663705834, 0.31352138675629154, 0.31361853331175354, 0.3194444683327386], "te_loss": [1.1895858264333168, 0.8275732152504993, 0.7029017047561322, 0.5983412741953391, 0.5467764662782792, 0.49597270632790463, 0.46312151479324254, 0.4052958332012497, 0.3757603035751477, 0.3573479512280135, 0.3438327741162043, 0.31845103246618406, 0.30846708979917464, 0.31273502882843873, 0.2934142169561986, 0.2760975219376499, 0.2615888023984085, 0.27565775561080563, 0.26014781379542634, 0.2501084502998238], "val_loss": [1.209658788864338, 0.8237387285364889, 0.6913969422186714, 0.5927764117939964, 0.5460583902062122, 0.4974510087920993, 0.44992018150290675, 0.4115280991770457, 0.3792515564941382, 0.3629024082327195, 0.3434541870738814, 0.3268784743987561, 0.30881109578163046, 0.30812630021686926, 0.28658265794388943, 0.2853749090946081, 0.2673682246932817, 0.27220368397120437, 0.258320824462263, 0.24679653653172837], "tr_acc": [0.39804041641151255, 0.6258420085731782, 0.7127985303123087, 0.7493365993059808, 0.7748520106144111, 0.7891406409471321, 0.8103694631557461, 0.8205756276791182, 0.8238416003265973, 0.8281281894264135, 0.8456827924066136, 0.8518064911206369, 0.8546642171871811, 0.8581343131251276, 0.8534394774443764, 0.8558889569299857, 0.8732394366197183, 0.8724229434578485, 0.877730149010002, 0.8756889161053276], "te_acc": [0.5859916782246879, 0.6920943134535368, 0.7326629680998613, 0.7753120665742025, 0.7877947295423023, 0.811373092926491, 0.8207350901525658, 0.8422330097087378, 0.8502080443828016, 0.8457004160887656, 0.8529819694868238, 0.8682385575589459, 0.8776005547850209, 0.8734396671289875, 0.8831484049930652, 0.8855755894590847, 0.8907766990291263, 0.8880027739251041, 0.8897364771151179, 0.8932038834951457], "val_acc": [0.5691797845898923, 0.6984258492129246, 0.7398508699254349, 0.7808616404308202, 0.7932891466445733, 0.8073736536868269, 0.8289146644573322, 0.8429991714995857, 0.8471416735708368, 0.8454846727423364, 0.8591549295774648, 0.8591549295774648, 0.8707539353769677, 0.8715824357912179, 0.8844241922120961, 0.8782104391052196, 0.8881524440762221, 0.8869096934548467, 0.8914664457332229, 0.8985086992543496]}