{"te_f1_macro": 0.9278063681836443, "te_f1_weighted": 0.915802563319062, "te_f1_micro": 0.9164355062413315, "te_precision": 0.9166231666088512, "te_recall": 0.9164355062413315, "tr_loss": [1.2798254457413603, 0.892502450442942, 0.7271475053656026, 0.638241404172084, 0.5617836591028929, 0.507867391595161, 0.4668299073064831, 0.4256603049487332, 0.413815483222764, 0.37939611217833996, 0.350894224810391, 0.3302065030631544, 0.32413514495309603, 0.3062816129324022, 0.29154653547612663, 0.2773420881844219, 0.26960054836037284, 0.2572581633289728, 0.2523539880662092, 0.2421746318694109], "te_loss": [0.9279782508348791, 0.7278110752819976, 0.6061724866643527, 0.5272207640411123, 0.46644283371270945, 0.4263077392740157, 0.39291226479448327, 0.37173236744289756, 0.34535374641211786, 0.3262825054781778, 0.30604714567510827, 0.28808858600056286, 0.27389154802806337, 0.24230757867723662, 0.25301696619486513, 0.2566485359500086, 0.243247842217244, 0.22612520851887216, 0.20589245952944815, 0.20779982460830645], "val_loss": [0.9411492804505159, 0.7239540294491761, 0.5944521035428075, 0.5155349222089796, 0.45675488815094284, 0.41462918001210874, 0.390983434562211, 0.3686077344079302, 0.3486728647966077, 0.3332428307995484, 0.32067776692054345, 0.30222279871347135, 0.2822795726340372, 0.25755700487535454, 0.2644067530743253, 0.26303823144107985, 0.24907998340520715, 0.23135497012694908, 0.22355905209776777, 0.2222141157318749], "tr_acc": [0.4745866503368034, 0.6860583792610737, 0.7456623800775668, 0.7740355174525413, 0.8079199836701367, 0.8222086140028577, 0.8411920800163298, 0.8526229842825066, 0.8499693815064299, 0.862012655644009, 0.8679322310675648, 0.8803837517860787, 0.8771177791385997, 0.8818126148193509, 0.8899775464380486, 0.8958971218616044, 0.8981424780567463, 0.8987548479281486, 0.9061032863849765, 0.9052867932231068], "te_acc": [0.6685159500693482, 0.7597087378640777, 0.7704576976421637, 0.805131761442441, 0.8488210818307905, 0.8491678224687933, 0.8581830790568654, 0.8550624133148405, 0.8658113730929264, 0.8727461858529819, 0.8744798890429958, 0.875866851595007, 0.891123439667129, 0.9015256588072122, 0.9015256588072122, 0.8970180305131762, 0.8997919556171984, 0.9053398058252428, 0.9171289875173371, 0.9192094313453537], "val_acc": [0.672328086164043, 0.7584921292460646, 0.771748135874068, 0.8111019055509527, 0.8450704225352113, 0.855840927920464, 0.8583264291632146, 0.8657829328914665, 0.8744821872410936, 0.8811101905550953, 0.8831814415907208, 0.8790389395194698, 0.8914664457332229, 0.9030654515327258, 0.9014084507042254, 0.8972659486329743, 0.9096934548467275, 0.915907207953604, 0.9171499585749793, 0.9171499585749793]}