{"te_f1_macro": 0.6230230094376314, "te_f1_weighted": 0.7535336289920441, "te_f1_micro": 0.763869625520111, "te_precision": 0.7568981762027998, "te_recall": 0.763869625520111, "tr_loss": [1.3713971079795013, 1.0654881073153974, 0.9507015791321852, 0.8975743986704223, 0.856005233875414, 0.8344179603622309, 0.8085372292659652, 0.7897683247957309, 0.7812865893070394, 0.7946534981822987, 0.7550097807685218, 0.7460410745259717, 0.7435839155251261, 0.7306172387116684, 0.7059496424470197, 0.7310587629891824, 0.682737056978821, 0.6942368095615588, 0.6789394113136131, 0.6802230196890721], "te_loss": [1.1640651500506143, 0.967348885933007, 0.9181019422209379, 0.8612134472341709, 0.840110549318311, 0.7985931586644686, 0.8108498334636636, 0.7838444138222197, 0.751782740064575, 0.7415968805303521, 0.7661929534445937, 0.7261713514577252, 0.7445518781202387, 0.7282802693096303, 0.6730862609633915, 0.7000748178922932, 0.696825262053189, 0.6731920270804682, 0.6935043233277562, 0.6618516653383489], "val_loss": [1.1925943060758792, 0.9909543557510755, 0.9252855875270862, 0.8606259456180598, 0.8391407430048511, 0.8015667581568104, 0.8146611999816014, 0.7687203874803814, 0.7401499016350869, 0.7318952234543693, 0.7786122306798644, 0.7240227160492315, 0.7448058048557944, 0.7214760011001841, 0.6676394775102429, 0.6956483982642302, 0.6927976293694583, 0.6817041817071053, 0.6999243588002387, 0.6679231956764722], "tr_acc": [0.3833435394978567, 0.6133904878546642, 0.6619718309859155, 0.6793223106756481, 0.6974892835272505, 0.7056542151459482, 0.7132067768932435, 0.7164727495407226, 0.7199428454786692, 0.7164727495407226, 0.730965503163911, 0.7307613798734436, 0.7344355991018575, 0.7315778730353133, 0.7448458869156971, 0.7368850785874669, 0.7513778322106552, 0.7523984486629924, 0.7497448458869157, 0.7513778322106552], "te_acc": [0.5811373092926491, 0.651872399445215, 0.6615811373092927, 0.6920943134535368, 0.7298890429958391, 0.7149791955617198, 0.7447988904299584, 0.7326629680998613, 0.736130374479889, 0.7517337031900139, 0.7264216366158114, 0.7590152565880721, 0.7506934812760055, 0.7718446601941747, 0.7669902912621359, 0.7642163661581137, 0.7642163661581137, 0.7635228848821082, 0.7604022191400832, 0.7586685159500693], "val_acc": [0.5629660314830157, 0.6433305716652858, 0.6545153272576636, 0.6872410936205469, 0.7228666114333057, 0.7116818558409279, 0.7410936205468103, 0.7323943661971831, 0.7402651201325601, 0.748135874067937, 0.7212096106048053, 0.7539353769676885, 0.7332228666114333, 0.7618061309030655, 0.7584921292460646, 0.7576636288318144, 0.7510356255178128, 0.7642916321458161, 0.7601491300745651, 0.7547638773819387]}