{"te_f1_macro": 0.9276433213623729, "te_f1_weighted": 0.9144553976468384, "te_f1_micro": 0.9145178382197103, "te_precision": 0.9221765370477218, "te_recall": 0.9145178382197103, "tr_loss": [0.7953371486380851, 0.5468365008006979, 0.44267713461958513, 0.39687209683317326, 0.3694557837227773, 0.3418494532035653, 0.30430671589414693, 0.302255120149305, 0.25588534795100343, 0.2503121125048031, 0.21402203963820038, 0.20195545921731015, 0.1893543231554192, 0.1928486756161871, 0.17243663483294086, 0.16223784963321763, 0.15034440316337533, 0.15474890453297324, 0.15092446625161, 0.1398531225507701], "te_loss": [0.635423924256786, 0.5419463717192148, 0.5946852307317957, 0.39445417342527894, 0.45654528276190154, 0.2770762359114849, 0.3703266434853088, 0.2697117984800194, 0.2306295036848507, 0.22674560058415882, 0.24777331418765386, 0.19879399931123423, 0.2526284958081631, 0.2069141531698024, 0.21152123221446584, 0.199419196272688, 0.182607392399861, 0.16598565156954162, 0.19869461315590264, 0.2173362045332721], "val_loss": [0.6325711089484182, 0.5346632544057364, 0.5545672919325367, 0.4051631033372064, 0.4235002931489316, 0.2858539606324049, 0.3353852708229115, 0.2541700020565843, 0.2595078081644289, 0.22354119116451024, 0.21044941730281994, 0.18407858448653225, 0.19791683898988635, 0.1939254468587281, 0.1653823455578918, 0.15708329046616426, 0.16309669764183515, 0.17302155276446735, 0.15892161002141658, 0.19015871634611373], "tr_acc": [0.6722133119486768, 0.7868885324779471, 0.8478348035284683, 0.861467522052927, 0.869887730553328, 0.8748997594226142, 0.8911387329591018, 0.8895348837209303, 0.9115878107457899, 0.9079791499599038, 0.923616680032077, 0.927626303127506, 0.9324378508420208, 0.9264234161988774, 0.9370489174017642, 0.9376503608660786, 0.9432638331996792, 0.944065757818765, 0.9412590216519647, 0.9478748997594226], "te_acc": [0.7350759448957965, 0.7622748145531614, 0.7873542917696927, 0.8438714235252561, 0.8110208406923348, 0.8986223949134582, 0.8445778876722007, 0.8912045213705404, 0.9134581419992935, 0.9145178382197103, 0.8919109855174849, 0.9222889438361003, 0.8933239138113741, 0.9123984457788767, 0.9159307665135994, 0.91133874955846, 0.9321794418933239, 0.9318262098198516, 0.9176969268809608, 0.9053338043094313], "val_acc": [0.7522375915378356, 0.7790886899918633, 0.7986167615947926, 0.8449959316517494, 0.8287225386493083, 0.903173311635476, 0.8612693246541904, 0.9072416598860863, 0.8999186330349878, 0.9145646867371847, 0.9153783563873068, 0.9320585842148088, 0.9251423921887714, 0.9263628966639544, 0.9410089503661514, 0.9422294548413345, 0.9422294548413345, 0.9324654190398698, 0.9406021155410903, 0.919853539462978]}