{"te_f1_macro": 0.9190408829339471, "te_f1_weighted": 0.9033905536935987, "te_f1_micro": 0.9035676439420699, "te_precision": 0.9042551610861852, "te_recall": 0.9035676439420699, "tr_loss": [1.0388931703261595, 0.7911889509095511, 0.6547445879999695, 0.5907202676093951, 0.548883578542145, 0.5121450637614335, 0.471514599984803, 0.4361079837096244, 0.40022704576432655, 0.3790693153786296, 0.35561825135467334, 0.3421877280845581, 0.33104399606621354, 0.31956531947483136, 0.3006576622784759, 0.29304958286052146, 0.2894729819289187, 0.27579581596512937, 0.2639312600984321, 0.25950384166303786], "te_loss": [0.8272898043477884, 0.6585359657581347, 0.5829903030513411, 0.5377403334735855, 0.5018821929462046, 0.4672155784491051, 0.4219923300694257, 0.3885407945116852, 0.39675770025714807, 0.342995009840019, 0.3418401848170834, 0.35248071959565275, 0.3293506094231196, 0.31137218817684265, 0.3010235689672553, 0.35246839815127645, 0.2847154454812697, 0.3265327612278277, 0.27082378240660787, 0.2838260373518434], "val_loss": [0.8323169518913847, 0.6664697475022082, 0.5985836463793203, 0.5583988879636791, 0.5198739687537061, 0.48355575971626674, 0.44169600874161313, 0.419950981805536, 0.4150425748576761, 0.3749939828892856, 0.37424252176789174, 0.38154134588381255, 0.3579696820847284, 0.3467378651251921, 0.33896864673003035, 0.3617054369752246, 0.3181987002528325, 0.35159860297952655, 0.30048164080273726, 0.30625832434880046], "tr_acc": [0.4963913392141139, 0.6064554931836408, 0.6918604651162791, 0.7235364875701684, 0.7638331996792301, 0.8017241379310345, 0.8221732157177225, 0.8360064153969526, 0.8536487570168404, 0.8558540497193264, 0.8702886928628709, 0.8763031275060145, 0.8815156375300722, 0.8821170809943866, 0.8915396952686447, 0.8935445068163592, 0.8913392141138733, 0.896952686447474, 0.8991579791499599, 0.9035685645549318], "te_acc": [0.5708230307311903, 0.7018721299894031, 0.7001059696220416, 0.7651006711409396, 0.7937124690921936, 0.7993641822677499, 0.8449311197456729, 0.8456375838926175, 0.8382197103496998, 0.8738961497703992, 0.8767220063581773, 0.8721299894030378, 0.8799010950194278, 0.8912045213705404, 0.8887318968562345, 0.8657718120805369, 0.8961497703991522, 0.8813140233133169, 0.9014482515012363, 0.8947368421052632], "val_acc": [0.5602115541090318, 0.6981285598047193, 0.7001627339300244, 0.758340113913751, 0.7949552481692432, 0.7994304312449145, 0.8368592351505288, 0.8336045565500407, 0.8323840520748577, 0.8506916192026037, 0.8637103336045565, 0.8506916192026037, 0.8653376729048007, 0.8624898291293734, 0.870626525630594, 0.8624898291293734, 0.8787632221318145, 0.8669650122050447, 0.8917819365337672, 0.8889340927583401]}