{"te_f1_macro": 0.8148437745941159, "te_f1_weighted": 0.8049003350352066, "te_f1_micro": 0.8067820558106676, "te_precision": 0.8149444518265149, "te_recall": 0.8067820558106676, "tr_loss": [1.012531410051329, 0.8121200728244369, 0.7228363858955615, 0.6246701439524424, 0.6020958181276451, 0.5763592566120787, 0.5741962717357596, 0.5618451175779559, 0.5586728662993302, 0.544457666139748, 0.5474631764359157, 0.5373946529153641, 0.5400619047015021, 0.5427270487679801, 0.5345561516791606, 0.5223649780847783, 0.5273196436733653, 0.5196684931599816, 0.5230669782175096, 0.5139844094454621], "te_loss": [0.8430874437799053, 0.7539065152838305, 0.6591768222661963, 0.6036436064257633, 0.5758368404288041, 0.5821988069307926, 0.5520001426260196, 0.5458469445610249, 0.5385611567215969, 0.5372844828771054, 0.529424484438881, 0.5384750884146036, 0.571765793628888, 0.528941118098198, 0.5193847881867582, 0.5175415417281447, 0.514164262043634, 0.5236799234806628, 0.5143115631222767, 0.5325807219299483], "val_loss": [0.8428618732363932, 0.7549158934173398, 0.6659956316913018, 0.613758067273822, 0.5915305708558507, 0.5962051956317985, 0.5723330067657085, 0.562134399464501, 0.5578808082226722, 0.5592456874661178, 0.5484594807962366, 0.5519775063454183, 0.5750391836375895, 0.5483597224567652, 0.5365587932196354, 0.5341927049313259, 0.5305944298999498, 0.5360390310659944, 0.5336556281861102, 0.5484300999742295], "tr_acc": [0.5064153969526864, 0.5880112269446672, 0.6429430633520449, 0.6780272654370489, 0.6902566158781075, 0.7066960705693665, 0.7068965517241379, 0.7129109863672815, 0.7175220529270249, 0.7225340817963112, 0.7263432237369687, 0.7273456295108259, 0.7299518845228549, 0.7167201283079391, 0.720729751403368, 0.726944667201283, 0.7307538091419407, 0.7369687249398557, 0.7337610264635124, 0.7397754611066559], "te_acc": [0.5672907099964677, 0.7029318262098199, 0.6898622394913458, 0.6789120452137054, 0.713528788413988, 0.7329565524549629, 0.7128223242670434, 0.7181208053691275, 0.7181208053691275, 0.7107029318262098, 0.7145884846344048, 0.7202401978099612, 0.7114093959731543, 0.718827269516072, 0.717414341222183, 0.7393147297774638, 0.8050158954433062, 0.7251854468385729, 0.7347227128223243, 0.7170611091487107], "val_acc": [0.5614320585842149, 0.6895850284784377, 0.6765663140764849, 0.6802278275020341, 0.6989422294548413, 0.7168429617575265, 0.6973148901545972, 0.7021969080553295, 0.7001627339300244, 0.6956875508543532, 0.7026037428803905, 0.7144019528071603, 0.7152156224572823, 0.7066720911310008, 0.7042310821806347, 0.7355573637103336, 0.7986167615947926, 0.7241659886086249, 0.7290480065093572, 0.7111472742066721]}