{"te_f1_macro": 0.8443165227081847, "te_f1_weighted": 0.8164161444320752, "te_f1_micro": 0.8226774991169198, "te_precision": 0.8508009506619099, "te_recall": 0.8226774991169198, "tr_loss": [0.9655994159657189, 0.7474281173184478, 0.6401727343427723, 0.5973464680750463, 0.5703961750269892, 0.5517058644470637, 0.5405832324968688, 0.5229053783627061, 0.5088920385338539, 0.5000738639447243, 0.48608581904611686, 0.48246580388609084, 0.473023024815603, 0.4519491076660615, 0.4425038964440561, 0.43514061805813814, 0.42609099275413853, 0.4127791373607342, 0.4084124389704266, 0.3947502623917871], "te_loss": [0.780373547659119, 0.6421334164928354, 0.5852403255032802, 0.5469689900190406, 0.5298991538492119, 0.5166026665860375, 0.5088186410996907, 0.5057778514682173, 0.48077560650169615, 0.4886601012909383, 0.46603870577123296, 0.45575760312823177, 0.4793940899398208, 0.4291324398198426, 0.4152511503535587, 0.4493563549335834, 0.4275054979644366, 0.40803202337192923, 0.4266218350195539, 0.4075142597823714], "val_loss": [0.7840984003441037, 0.6560261271851542, 0.6046865878791903, 0.5672608369535503, 0.5478844480169217, 0.5324223818480242, 0.5326143751501358, 0.520042179463063, 0.4978550850520588, 0.4927349598355367, 0.4702508518179807, 0.4576503627178046, 0.46392353969050965, 0.43185626951245587, 0.42276010855705004, 0.4251807486264079, 0.4151232779947503, 0.38871940468461463, 0.3866222070861968, 0.375694752733721], "tr_acc": [0.5396952686447474, 0.6355252606255012, 0.6916599839615076, 0.7199278267842822, 0.7315557337610264, 0.7381716118684843, 0.7335605453087409, 0.7532076984763433, 0.7568163592622293, 0.7612269446672013, 0.776663993584603, 0.7710505212510024, 0.7770649558941459, 0.7878909382518043, 0.7977145148356054, 0.8009222133119487, 0.8009222133119487, 0.8177626303127506, 0.8147554129911788, 0.8259823576583801], "te_acc": [0.5711762628046627, 0.6654892264217591, 0.7336630166019075, 0.7442599788060756, 0.7742847050512186, 0.7672200635817732, 0.721299894030378, 0.7672200635817732, 0.812433768986224, 0.7647474390674673, 0.7937124690921936, 0.7933592370187214, 0.762981278700106, 0.8060755916637231, 0.823030731190392, 0.7866478276227481, 0.7986577181208053, 0.8131402331331685, 0.7975980219003885, 0.8110208406923348], "val_acc": [0.5557363710333605, 0.6627339300244101, 0.7152156224572823, 0.7335231895850285, 0.773393002441009, 0.7542717656631408, 0.710740439381611, 0.7925142392188771, 0.7705451586655818, 0.7782750203417412, 0.8258746948738812, 0.8079739625711961, 0.7782750203417412, 0.8417412530512612, 0.8563873067534581, 0.8230268510984541, 0.8311635475996745, 0.8486574450772986, 0.8291293734743694, 0.8494711147274207]}