{"te_f1_macro": 0.916730647939888, "te_f1_weighted": 0.8931200522822021, "te_f1_micro": 0.8938973647711512, "te_precision": 0.8927732146313695, "te_recall": 0.8938973647711512, "tr_loss": [1.3765170573579897, 1.0508642828471808, 0.8281834967454177, 0.7073185754858929, 0.6342186575691222, 0.5873004236886101, 0.533465482746248, 0.4882720738503368, 0.46266577652119256, 0.447535940008909, 0.4069918189262414, 0.39270320044388257, 0.37866995751456256, 0.3662224483382923, 0.3656026572536561, 0.35173929927543274, 0.32794663731931156, 0.31352138693270865, 0.31361852225831005, 0.3194444742153362], "te_loss": [1.1895858180010368, 0.8275732058261867, 0.702901708021574, 0.5983412771507705, 0.5467764751135724, 0.4959727257035476, 0.46312156542825633, 0.40529583907077776, 0.3757603191634984, 0.3573480077738901, 0.3438327638238627, 0.31845100452909025, 0.30846709380605764, 0.3127351399774608, 0.29341420071424296, 0.27609749715749415, 0.26158876526950964, 0.27565771442077197, 0.2601478008886647, 0.25010843512998704], "val_loss": [1.2096587896544575, 0.8237387184377732, 0.6913969742185139, 0.5927764284976179, 0.5460583937617501, 0.49745104168082627, 0.44992019429914004, 0.41152808852277717, 0.37925153835533865, 0.3629024166863816, 0.34345421309690144, 0.32687846076302074, 0.30881106886818277, 0.3081263036690128, 0.28658271685717956, 0.28537491654981834, 0.26736820026130326, 0.2722036554767459, 0.2583207274010126, 0.24679645137088227], "tr_acc": [0.39804041641151255, 0.6258420085731782, 0.7127985303123087, 0.7493365993059808, 0.7748520106144111, 0.7891406409471321, 0.8103694631557461, 0.8205756276791182, 0.8238416003265973, 0.8281281894264135, 0.8456827924066136, 0.8518064911206369, 0.8546642171871811, 0.8581343131251276, 0.8534394774443764, 0.8558889569299857, 0.8732394366197183, 0.8724229434578485, 0.877730149010002, 0.8756889161053276], "te_acc": [0.5859916782246879, 0.6920943134535368, 0.7326629680998613, 0.7753120665742025, 0.7877947295423023, 0.811373092926491, 0.8207350901525658, 0.8422330097087378, 0.8502080443828016, 0.8457004160887656, 0.8529819694868238, 0.8682385575589459, 0.8776005547850209, 0.8734396671289875, 0.8831484049930652, 0.8855755894590847, 0.8907766990291263, 0.8880027739251041, 0.8897364771151179, 0.8932038834951457], "val_acc": [0.5691797845898923, 0.6984258492129246, 0.7398508699254349, 0.7808616404308202, 0.7932891466445733, 0.8073736536868269, 0.8289146644573322, 0.8429991714995857, 0.8471416735708368, 0.8454846727423364, 0.8591549295774648, 0.8591549295774648, 0.8707539353769677, 0.8715824357912179, 0.8844241922120961, 0.8782104391052196, 0.8881524440762221, 0.8869096934548467, 0.8914664457332229, 0.8985086992543496]}