{"te_f1_macro": 0.9278063681836443, "te_f1_weighted": 0.915802563319062, "te_f1_micro": 0.9164355062413315, "te_precision": 0.9166231666088512, "te_recall": 0.9164355062413315, "tr_loss": [1.2798254655974084, 0.8925024664968976, 0.7271475219488095, 0.6382414179934509, 0.5617836509542481, 0.5078674041268582, 0.46682992755794894, 0.4256603118229165, 0.4138154832166807, 0.3793961170313309, 0.35089421255852793, 0.3302065130763454, 0.3241351414369208, 0.3062816211996723, 0.291546506525473, 0.27734203823405057, 0.2696005340728694, 0.2572581815318712, 0.2523539661996144, 0.24217463737027844], "te_loss": [0.9279782947323358, 0.7278110901624915, 0.6061725003874748, 0.5272207822697172, 0.46644282965157463, 0.42630774458552534, 0.39291225830493454, 0.3717324329687388, 0.3453537722153075, 0.326282459121306, 0.3060471339567194, 0.2880885210430738, 0.27389144072316884, 0.24230754909192143, 0.2530169382319371, 0.25664847796258417, 0.24324791594802425, 0.22612528927655226, 0.2058924950979619, 0.20779982642703348], "val_loss": [0.9411492982282061, 0.7239540372886436, 0.5944521123205421, 0.5155349501532864, 0.45675490997799584, 0.4146291883021914, 0.3909834227937504, 0.36860777727808947, 0.34867285738615034, 0.33324277203440567, 0.3206777733094009, 0.30222274147918526, 0.2822795053627635, 0.2575570072457133, 0.264406689025258, 0.2630382066263872, 0.24908003725062103, 0.23135503358496992, 0.22355908696102203, 0.22221414765610045], "tr_acc": [0.4745866503368034, 0.6860583792610737, 0.7456623800775668, 0.7740355174525413, 0.8079199836701367, 0.8222086140028577, 0.8411920800163298, 0.8526229842825066, 0.8499693815064299, 0.862012655644009, 0.8679322310675648, 0.8803837517860787, 0.8771177791385997, 0.8818126148193509, 0.8899775464380486, 0.8958971218616044, 0.8981424780567463, 0.8987548479281486, 0.9061032863849765, 0.9052867932231068], "te_acc": [0.6685159500693482, 0.7597087378640777, 0.7704576976421637, 0.805131761442441, 0.8488210818307905, 0.8491678224687933, 0.8581830790568654, 0.8550624133148405, 0.8658113730929264, 0.8727461858529819, 0.8744798890429958, 0.875866851595007, 0.891123439667129, 0.9015256588072122, 0.9015256588072122, 0.8970180305131762, 0.8997919556171984, 0.9053398058252428, 0.9171289875173371, 0.9192094313453537], "val_acc": [0.672328086164043, 0.7584921292460646, 0.771748135874068, 0.8111019055509527, 0.8450704225352113, 0.855840927920464, 0.8583264291632146, 0.8657829328914665, 0.8744821872410936, 0.8811101905550953, 0.8831814415907208, 0.8790389395194698, 0.8914664457332229, 0.9030654515327258, 0.9014084507042254, 0.8972659486329743, 0.9096934548467275, 0.915907207953604, 0.9171499585749793, 0.9171499585749793]}