{"te_f1_macro": 0.6620644636344649, "te_f1_weighted": 0.8028191166308825, "te_f1_micro": 0.8138002773925105, "te_precision": 0.7963179116271172, "te_recall": 0.8138002773925104, "tr_loss": [1.4125968721064288, 1.179987761822981, 1.0322571612786555, 0.9476377994071515, 0.8815048385892846, 0.7952210566576073, 0.7221078073267889, 0.698811922347845, 0.6618795772551711, 0.6588692562899849, 0.6398584391236621, 0.6231565009661902, 0.6178631664575619, 0.6133220773414584, 0.5991014316632423, 0.6073574003430624, 0.5790467484188605, 0.5803314561709065, 0.5748258031224883, 0.5748229206983204], "te_loss": [1.2582024916200465, 1.0355085783461095, 0.9354940628873161, 0.876385324374978, 0.807483993687676, 0.7091748074585786, 0.6769859843710424, 0.6251669278815285, 0.6287011631484171, 0.6014137058912798, 0.5823597759215081, 0.57893252261138, 0.5680052929050218, 0.5608457633179204, 0.5637446610507622, 0.5490330560610793, 0.5495409535634204, 0.5361909839878797, 0.5819132218083132, 0.5265376820395624], "val_loss": [1.2867735692461166, 1.052654654849336, 0.9311404990182006, 0.864834378846144, 0.7968744258052965, 0.7025956939149712, 0.6751560004120932, 0.6192565141515783, 0.6244840825033662, 0.5948808734994243, 0.5737925018210893, 0.5745730741688705, 0.5625388579382912, 0.5589969118574037, 0.5542723733218821, 0.5411615470469048, 0.5444714018323497, 0.5334222414241463, 0.5615245133033446, 0.5196960194016302], "tr_acc": [0.4025311288017963, 0.5678709940804246, 0.6362522963870177, 0.6662584200857318, 0.688507858746683, 0.718513982445397, 0.7481118595631762, 0.7526025719534599, 0.762808736476832, 0.7734231475811391, 0.775260257195346, 0.7793427230046949, 0.7801592161665646, 0.7877117779138599, 0.7836293121045111, 0.7881200244947949, 0.7936313533374157, 0.800163298632374, 0.8030210246989181, 0.7973055725658298], "te_acc": [0.5759361997226075, 0.6511789181692095, 0.6803051317614425, 0.6924410540915396, 0.7167128987517337, 0.7527739251040222, 0.7656033287101248, 0.7888349514563107, 0.7874479889042996, 0.7919556171983356, 0.7968099861303745, 0.79750346740638, 0.7961165048543689, 0.8023578363384188, 0.8037447988904299, 0.8033980582524272, 0.8106796116504854, 0.8096393897364771, 0.7992371705963939, 0.8151872399445215], "val_acc": [0.5563380281690141, 0.6536868268434134, 0.6893123446561723, 0.7054681027340514, 0.724109362054681, 0.7626346313173157, 0.7671913835956918, 0.7974316487158244, 0.7990886495443248, 0.8011599005799502, 0.8003314001657, 0.8032311516155758, 0.8036454018227009, 0.8135874067937034, 0.8140016570008285, 0.8069594034797017, 0.8119304059652029, 0.8164871582435791, 0.8090306545153273, 0.8193869096934548]}