{"te_f1_macro": 0.9434049631260824, "te_f1_weighted": 0.9308661643718594, "te_f1_micro": 0.9327323162274619, "te_precision": 0.9360968254419597, "te_recall": 0.9327323162274619, "tr_loss": [0.8316791036933703, 0.5559167888461874, 0.4621735097565537, 0.43846769381795864, 0.377316573793291, 0.354680163907102, 0.3167831033322246, 0.28513713370667204, 0.2570354085515217, 0.2396146200169931, 0.246368482176638, 0.23611448569841886, 0.21485672490247343, 0.1956593858697483, 0.18264608741852917, 0.18246387527424066, 0.17403792566025736, 0.18784183370845614, 0.17067297765991596, 0.1727501884860198], "te_loss": [0.8378227258129524, 0.9037100764278234, 0.5500972147581481, 0.4644317196038824, 0.39896498587442336, 0.45384730915855437, 0.3615682710649319, 0.33531178866258604, 0.3203568044745062, 0.39963227879364516, 0.2539080443498827, 0.2541757843944137, 0.39910041315586986, 0.28681408686255944, 0.23491436625403272, 0.2882610656083374, 0.38811604075144135, 0.27294378163972444, 0.27967979942400645, 0.2110358919385154], "val_loss": [0.8267330475947832, 0.861039552812919, 0.5234592927754074, 0.439407911994236, 0.38632609589332473, 0.4314924887849856, 0.3592489450311947, 0.32799977884807663, 0.31581990723131653, 0.40515274504182647, 0.2542158790016061, 0.2543368636851925, 0.4040692988119544, 0.2926642491583278, 0.2503440750326094, 0.29553366171515544, 0.3941114651681215, 0.2826033012915245, 0.28016708304684274, 0.21779197087170374], "tr_acc": [0.6846295162278015, 0.8093488467034089, 0.8444580526638089, 0.8452745458256787, 0.8628291488058788, 0.8709940804245765, 0.8871198203715044, 0.8969177383139416, 0.9065115329659114, 0.9107981220657277, 0.9142682180036742, 0.9130434782608695, 0.9171259440702184, 0.9314145744029394, 0.9328434374362115, 0.9314145744029394, 0.9348846703408858, 0.9318228209838743, 0.9365176566646254, 0.9316186976934068], "te_acc": [0.6726768377253814, 0.6203190013869625, 0.8169209431345353, 0.8346047156726768, 0.8561026352288488, 0.8366851595006934, 0.8782940360610264, 0.8755201109570042, 0.8890429958391124, 0.8540221914008321, 0.9053398058252428, 0.9115811373092927, 0.8619972260748959, 0.8938973647711512, 0.9230235783633842, 0.9122746185852982, 0.8817614424410541, 0.9122746185852982, 0.9088072122052705, 0.934119278779473], "val_acc": [0.6810273405136703, 0.6354598177299089, 0.8351284175642087, 0.8496271748135874, 0.8666114333057167, 0.859983429991715, 0.8790389395194698, 0.8819386909693455, 0.8910521955260977, 0.8579121789560895, 0.9067937033968517, 0.9109362054681027, 0.8628831814415907, 0.8951946975973488, 0.915907207953604, 0.9055509527754764, 0.87986743993372, 0.9084507042253521, 0.9105219552609777, 0.9275062137531068]}