{"te_f1_macro": 0.6230230094376314, "te_f1_weighted": 0.7535336289920441, "te_f1_micro": 0.763869625520111, "te_precision": 0.7568981762027998, "te_recall": 0.763869625520111, "tr_loss": [1.37139711420885, 1.06548811938476, 0.9507015862132024, 0.897574402247431, 0.8560052436817712, 0.8344179626617365, 0.808537230294051, 0.7897683187975497, 0.7812865855353637, 0.7946535310323785, 0.7550097857568673, 0.7460410439632308, 0.7435838766890318, 0.730617206007589, 0.7059496350983353, 0.7310587501776513, 0.6827370489792183, 0.6942368095128919, 0.6789393636201639, 0.6802230452087175], "te_loss": [1.164065156664167, 0.9673488882477504, 0.9181019240750024, 0.8612134661241312, 0.8401105478612626, 0.7985931794144906, 0.8108498231713219, 0.7838444299427547, 0.7517827257214323, 0.7415968889212972, 0.7661928877275793, 0.7261713965125537, 0.744551809176534, 0.7282802520937257, 0.6730862395106796, 0.7000748613350682, 0.6968250424393172, 0.673192079410205, 0.6935046813715554, 0.6618516831742741], "val_loss": [1.1925942996561576, 0.9909543466647005, 0.9252855919221263, 0.8606259371489656, 0.8391407312147856, 0.8015667592432248, 0.8146611894137522, 0.7687203850544674, 0.7401499305300062, 0.7318952328864217, 0.778612159488857, 0.724022677427508, 0.7448057134750715, 0.7214759719367475, 0.66763949183116, 0.6956484602299745, 0.6927974241791106, 0.6817042636125663, 0.6999245874611498, 0.6679232171825392], "tr_acc": [0.3833435394978567, 0.6133904878546642, 0.6619718309859155, 0.6793223106756481, 0.6974892835272505, 0.7056542151459482, 0.7132067768932435, 0.7164727495407226, 0.7199428454786692, 0.7164727495407226, 0.730965503163911, 0.7307613798734436, 0.7344355991018575, 0.7315778730353133, 0.7448458869156971, 0.7368850785874669, 0.7513778322106552, 0.7523984486629924, 0.7497448458869157, 0.7513778322106552], "te_acc": [0.5811373092926491, 0.651872399445215, 0.6615811373092927, 0.6920943134535368, 0.7298890429958391, 0.7149791955617198, 0.7447988904299584, 0.7326629680998613, 0.736130374479889, 0.7517337031900139, 0.7264216366158114, 0.7590152565880721, 0.7506934812760055, 0.7718446601941747, 0.7669902912621359, 0.7642163661581137, 0.7642163661581137, 0.7635228848821082, 0.7604022191400832, 0.7586685159500693], "val_acc": [0.5629660314830157, 0.6433305716652858, 0.6545153272576636, 0.6872410936205469, 0.7228666114333057, 0.7116818558409279, 0.7410936205468103, 0.7323943661971831, 0.7402651201325601, 0.748135874067937, 0.7212096106048053, 0.7539353769676885, 0.7332228666114333, 0.7618061309030655, 0.7584921292460646, 0.7576636288318144, 0.7510356255178128, 0.7642916321458161, 0.7601491300745651, 0.7547638773819387]}