{"te_f1_macro": 0.916730647939888, "te_f1_weighted": 0.8931200522822021, "te_f1_micro": 0.8938973647711512, "te_precision": 0.8927732146313695, "te_recall": 0.8938973647711512, "tr_loss": [1.3765170416386183, 1.050864285609021, 0.8281835048666875, 0.7073185741962231, 0.6342186449826749, 0.5873004263774501, 0.5334654937449415, 0.4882720491276101, 0.4626657721350986, 0.4475359099541277, 0.40699180317645317, 0.3927032039661411, 0.3786699882841373, 0.3662224309460001, 0.36560260211114715, 0.3517393054196143, 0.32794661976885225, 0.313521414253025, 0.3136185460259511, 0.31944443647044246], "te_loss": [1.1895858318894978, 0.8275732107036818, 0.7029017118243669, 0.5983412495598548, 0.5467764575463228, 0.4959727383933021, 0.4631214773439997, 0.40529579430529217, 0.3757602722021065, 0.35734794473846476, 0.3438327692800438, 0.31845106332254147, 0.30846704561237487, 0.3127350224835615, 0.2934142253703945, 0.27609745799286106, 0.26158878938831004, 0.27565775146700144, 0.2601478229200625, 0.25010842928112625], "val_loss": [1.2096587954815894, 0.8237386993514474, 0.6913969529470138, 0.5927764008310874, 0.5460583720581533, 0.4974510702794509, 0.4499201760214523, 0.41152809144251584, 0.3792515405405131, 0.362902432374576, 0.3434541674690397, 0.32687852810836815, 0.30881101748109013, 0.30812628604409953, 0.2865826936921702, 0.2853748593109026, 0.2673682081146596, 0.2722036846633306, 0.2583207635119459, 0.24679651262983987], "tr_acc": [0.39804041641151255, 0.6258420085731782, 0.7127985303123087, 0.7493365993059808, 0.7748520106144111, 0.7891406409471321, 0.8103694631557461, 0.8205756276791182, 0.8238416003265973, 0.8281281894264135, 0.8456827924066136, 0.8518064911206369, 0.8546642171871811, 0.8581343131251276, 0.8534394774443764, 0.8558889569299857, 0.8732394366197183, 0.8724229434578485, 0.877730149010002, 0.8756889161053276], "te_acc": [0.5859916782246879, 0.6920943134535368, 0.7326629680998613, 0.7753120665742025, 0.7877947295423023, 0.811373092926491, 0.8207350901525658, 0.8422330097087378, 0.8502080443828016, 0.8457004160887656, 0.8529819694868238, 0.8682385575589459, 0.8776005547850209, 0.8734396671289875, 0.8831484049930652, 0.8855755894590847, 0.8907766990291263, 0.8880027739251041, 0.8897364771151179, 0.8932038834951457], "val_acc": [0.5691797845898923, 0.6984258492129246, 0.7398508699254349, 0.7808616404308202, 0.7932891466445733, 0.8073736536868269, 0.8289146644573322, 0.8429991714995857, 0.8471416735708368, 0.8454846727423364, 0.8591549295774648, 0.8591549295774648, 0.8707539353769677, 0.8715824357912179, 0.8844241922120961, 0.8782104391052196, 0.8881524440762221, 0.8869096934548467, 0.8914664457332229, 0.8985086992543496]}