{"te_f1_macro": 0.6623571686069833, "te_f1_weighted": 0.803204781470755, "te_f1_micro": 0.8141470180305131, "te_precision": 0.7966910743994517, "te_recall": 0.8141470180305131, "tr_loss": [1.4125970413208397, 1.1799953517730832, 1.0322758126779585, 0.9476753280804726, 0.8815576381088641, 0.7953038232183914, 0.7220400722142651, 0.6988303933120013, 0.6618977311035156, 0.6589250276102828, 0.6402973809955703, 0.6233695992269572, 0.6180464200619217, 0.6135936183335952, 0.5993323849035443, 0.6074714421994785, 0.5793751909382905, 0.5803207301788121, 0.5751514675593371, 0.5748448820716631], "te_loss": [1.258204637883275, 1.0355225274037059, 0.9354837992320278, 0.8763933664552052, 0.8077476788493037, 0.7088596503380764, 0.677336010539416, 0.6251842212681136, 0.6280632790348566, 0.6025071839353744, 0.5830139470249208, 0.5791451518479399, 0.5682315449650178, 0.5607156971373936, 0.5633585496434887, 0.5491663403550728, 0.5492670122280862, 0.5358553307645033, 0.578472233182349, 0.5271165447203693], "val_loss": [1.286776963698538, 1.052663923297525, 0.9311239727785889, 0.8648602312126729, 0.7971194714875683, 0.7023838186125767, 0.6753309551061631, 0.6192601463929522, 0.6239082470178209, 0.5957149323554403, 0.5742387361176368, 0.5749813652633633, 0.5627869287785066, 0.5588515915297583, 0.5540496164928217, 0.5415771268493347, 0.5441929801724474, 0.533223064704285, 0.5586833113460326, 0.520123099437556], "tr_acc": [0.4025311288017963, 0.5678709940804246, 0.6358440498060829, 0.6662584200857318, 0.6880996121657481, 0.7191263523167993, 0.7481118595631762, 0.7528066952439273, 0.7621963666054297, 0.7730149010002041, 0.775260257195346, 0.7791385997142274, 0.7795468462951622, 0.7883241477852623, 0.7842416819759135, 0.7868952847519902, 0.7924066135946112, 0.800163298632374, 0.8024086548275158, 0.7971014492753623], "te_acc": [0.5759361997226075, 0.6511789181692095, 0.6803051317614425, 0.6924410540915396, 0.7163661581137309, 0.753120665742025, 0.7662968099861304, 0.7884882108183079, 0.7871012482662968, 0.7919556171983356, 0.7971567267683772, 0.7964632454923717, 0.7968099861303745, 0.8020110957004161, 0.8044382801664355, 0.8030513176144244, 0.8103328710124826, 0.8106796116504854, 0.8013176144244105, 0.8144937586685159], "val_acc": [0.5563380281690141, 0.6536868268434134, 0.6893123446561723, 0.7050538525269263, 0.724109362054681, 0.7622203811101905, 0.7667771333885667, 0.7978458989229494, 0.7995028997514498, 0.8003314001657, 0.8003314001657, 0.8028169014084507, 0.8036454018227009, 0.8131731565865783, 0.8135874067937034, 0.8069594034797017, 0.8115161557580779, 0.8169014084507042, 0.8102734051367025, 0.820215410107705]}