{"te_f1_macro": 0.9278063681836443, "te_f1_weighted": 0.915802563319062, "te_f1_micro": 0.9164355062413315, "te_precision": 0.9166231666088512, "te_recall": 0.9164355062413315, "tr_loss": [1.2798254757565999, 0.8925024748615012, 0.7271475250634838, 0.6382413924433888, 0.5617836268520229, 0.5078673690381063, 0.46682990006729885, 0.4256603117620831, 0.4138154407062441, 0.3793961005530617, 0.3508942011096668, 0.33020647319391516, 0.3241351232355433, 0.3062816249044313, 0.29154652778677465, 0.277342065180241, 0.2696004974503533, 0.25725818752396906, 0.25235395405573074, 0.24217460399398902], "te_loss": [0.9279783195331589, 0.7278111141366205, 0.6061724979073925, 0.5272207652398188, 0.4664427961807972, 0.42630772933301914, 0.3929122738881184, 0.3717323793782937, 0.3453537371531439, 0.32628242241608785, 0.30604708926356944, 0.28808852524888, 0.2738914146099689, 0.24230752164567723, 0.2530169568635554, 0.2566484546498105, 0.24324789902662933, 0.2261252973006519, 0.20589246619466936, 0.2077998263495309], "val_loss": [0.9411493298329888, 0.723954059300881, 0.5944521109501785, 0.5155349413632062, 0.45675487181151714, 0.41462915167274217, 0.39098341059936603, 0.3686077207845405, 0.3486728587194771, 0.3332427507104366, 0.32067771548869795, 0.302222768293868, 0.28227951100316784, 0.25755701265309405, 0.26440672079670646, 0.26303816573307004, 0.2490800092445861, 0.231355070075531, 0.22355904986243927, 0.22221414294084588], "tr_acc": [0.4745866503368034, 0.6860583792610737, 0.7456623800775668, 0.7740355174525413, 0.8079199836701367, 0.8222086140028577, 0.8411920800163298, 0.8526229842825066, 0.8499693815064299, 0.862012655644009, 0.8679322310675648, 0.8803837517860787, 0.8771177791385997, 0.8818126148193509, 0.8899775464380486, 0.8958971218616044, 0.8981424780567463, 0.8987548479281486, 0.9061032863849765, 0.9052867932231068], "te_acc": [0.6685159500693482, 0.7597087378640777, 0.7704576976421637, 0.805131761442441, 0.8488210818307905, 0.8491678224687933, 0.8581830790568654, 0.8550624133148405, 0.8658113730929264, 0.8727461858529819, 0.8744798890429958, 0.875866851595007, 0.891123439667129, 0.9015256588072122, 0.9015256588072122, 0.8970180305131762, 0.8997919556171984, 0.9053398058252428, 0.9171289875173371, 0.9192094313453537], "val_acc": [0.672328086164043, 0.7584921292460646, 0.771748135874068, 0.8111019055509527, 0.8450704225352113, 0.855840927920464, 0.8583264291632146, 0.8657829328914665, 0.8744821872410936, 0.8811101905550953, 0.8831814415907208, 0.8790389395194698, 0.8914664457332229, 0.9030654515327258, 0.9014084507042254, 0.8972659486329743, 0.9096934548467275, 0.915907207953604, 0.9171499585749793, 0.9171499585749793]}