{"te_f1_macro": 0.9358633156419156, "te_f1_weighted": 0.9214744120109922, "te_f1_micro": 0.9237170596393898, "te_precision": 0.927302947385124, "te_recall": 0.9237170596393898, "tr_loss": [0.831997177069906, 0.5542364922755347, 0.46307946376884246, 0.4378469828976298, 0.37479044769851255, 0.35968943590392966, 0.31590504879993087, 0.2904401153149617, 0.2708901390060706, 0.23820742348501403, 0.2505615003274689, 0.2359162373770546, 0.20899232285704436, 0.19621684371202328, 0.18592423585683235, 0.18153455954749964, 0.16900144425867333, 0.18656630032973573, 0.16791263373865598, 0.17438594982633301], "te_loss": [0.8569555820357287, 0.9105446278098221, 0.5689426867727929, 0.46300961197083934, 0.3966013230331728, 0.4845481033019732, 0.36242525020146665, 0.363295164749791, 0.38723154652259223, 0.3813508973972311, 0.24071494963707277, 0.24125850859424938, 0.39603427482378795, 0.28912315372992486, 0.23657740767264995, 0.27875124101479243, 0.38879663575487144, 0.27123189583193413, 0.2815657577809365, 0.21930013964115416], "val_loss": [0.8443969125244474, 0.8635330968493998, 0.5390235334511325, 0.43675757965571443, 0.3860999777413096, 0.45759606778362416, 0.36060760870217884, 0.3497727573868551, 0.3776054019038971, 0.38792445107078444, 0.24182732351735395, 0.24212456363088944, 0.40582278680269296, 0.29470660731461834, 0.2501618071955373, 0.2834876633373451, 0.3963044979991492, 0.2815205513151685, 0.2840630041231658, 0.2230643802827846], "tr_acc": [0.6846295162278015, 0.8109818330271484, 0.8438456827924066, 0.8473157787303531, 0.8654827515819555, 0.8724229434578485, 0.8873239436619719, 0.8961012451520719, 0.9014084507042254, 0.9142682180036742, 0.9093692590324556, 0.9130434782608695, 0.9208001632986323, 0.9295774647887324, 0.9310063278220045, 0.9310063278220045, 0.9377423964074301, 0.9299857113696672, 0.9379465196978976, 0.9322310675648091], "te_acc": [0.6456310679611651, 0.6213592233009708, 0.8047850208044383, 0.8346047156726768, 0.8581830790568654, 0.8290568654646324, 0.8869625520110958, 0.8671983356449375, 0.8616504854368932, 0.8671983356449375, 0.9119278779472955, 0.9140083217753121, 0.8651178918169209, 0.8921636615811374, 0.9216366158113731, 0.9119278779472955, 0.8821081830790569, 0.9136615811373093, 0.9115811373092927, 0.9247572815533981], "val_acc": [0.6590720795360397, 0.6458160729080364, 0.827671913835957, 0.848384424192212, 0.8649544324772163, 0.8446561723280862, 0.8848384424192212, 0.8773819386909694, 0.8670256835128417, 0.8699254349627175, 0.9117647058823529, 0.9154929577464789, 0.8624689312344657, 0.8956089478044739, 0.9146644573322287, 0.9076222038111019, 0.8815244407622204, 0.9109362054681027, 0.9138359569179785, 0.9250207125103562]}