{"te_f1_macro": 0.6230230094376314, "te_f1_weighted": 0.7535336289920441, "te_f1_micro": 0.763869625520111, "te_precision": 0.7568981762027998, "te_recall": 0.763869625520111, "tr_loss": [1.371397121289867, 1.0654881034220547, 0.9507015962628935, 0.8975744096082823, 0.8560052522471253, 0.8344179603257309, 0.8085372294241323, 0.7897683209023881, 0.7812865993567305, 0.7946535090836585, 0.7550097961837259, 0.7460410764543931, 0.7435839049887671, 0.7306172117624362, 0.7059496437001895, 0.7310587577210029, 0.6827370507677226, 0.6942368108268951, 0.678939402504925, 0.6802230300246805], "te_loss": [1.164065172536694, 0.9673488878344034, 0.9181019223802794, 0.8612134467381545, 0.8401105490186344, 0.798593189169481, 0.8108498301568872, 0.783844417004992, 0.7517827422966491, 0.7415968945428171, 0.7661929700249772, 0.7261713196300021, 0.7445518428643186, 0.7282802443848032, 0.6730862457935547, 0.7000747379716408, 0.6968251488787663, 0.6731920591148647, 0.6935043546413788, 0.6618516945413181], "val_loss": [1.1925943091375926, 0.9909543450844613, 0.9252855907369469, 0.8606259243342139, 0.8391407332147758, 0.8015667750332706, 0.8146612079692164, 0.768720393863066, 0.740149924202877, 0.7318952169358829, 0.7786122771549442, 0.7240226688982291, 0.7448057475721258, 0.7214759784984436, 0.6676394855395243, 0.6956482925270966, 0.6927975752092311, 0.6817042370201046, 0.6999243827831454, 0.6679232131084851], "tr_acc": [0.3833435394978567, 0.6133904878546642, 0.6619718309859155, 0.6793223106756481, 0.6974892835272505, 0.7056542151459482, 0.7132067768932435, 0.7164727495407226, 0.7199428454786692, 0.7164727495407226, 0.730965503163911, 0.7307613798734436, 0.7344355991018575, 0.7315778730353133, 0.7448458869156971, 0.7368850785874669, 0.7513778322106552, 0.7523984486629924, 0.7497448458869157, 0.7513778322106552], "te_acc": [0.5811373092926491, 0.651872399445215, 0.6615811373092927, 0.6920943134535368, 0.7298890429958391, 0.7149791955617198, 0.7447988904299584, 0.7326629680998613, 0.736130374479889, 0.7517337031900139, 0.7264216366158114, 0.7590152565880721, 0.7506934812760055, 0.7718446601941747, 0.7669902912621359, 0.7642163661581137, 0.7642163661581137, 0.7635228848821082, 0.7604022191400832, 0.7586685159500693], "val_acc": [0.5629660314830157, 0.6433305716652858, 0.6545153272576636, 0.6872410936205469, 0.7228666114333057, 0.7116818558409279, 0.7410936205468103, 0.7323943661971831, 0.7402651201325601, 0.748135874067937, 0.7212096106048053, 0.7539353769676885, 0.7332228666114333, 0.7618061309030655, 0.7584921292460646, 0.7576636288318144, 0.7510356255178128, 0.7642916321458161, 0.7601491300745651, 0.7547638773819387]}