{"te_f1_macro": 0.9190408829339471, "te_f1_weighted": 0.9033905536935987, "te_f1_micro": 0.9035676439420699, "te_precision": 0.9042551610861852, "te_recall": 0.9035676439420699, "tr_loss": [1.0388931718557093, 0.7911889630981512, 0.6547445941659672, 0.5907202710508822, 0.548883582413818, 0.5121450668444324, 0.4715146037608791, 0.436107983996415, 0.40022705661457064, 0.3790693024491537, 0.3556182508049914, 0.34218773252981227, 0.3310439874146973, 0.31956532528234083, 0.30065765902818253, 0.2930495905919178, 0.2894730015023766, 0.2757957927828898, 0.26393124990541644, 0.25950382854236825], "te_loss": [0.82728980198971, 0.6585359595681787, 0.582990302882907, 0.5377403278731492, 0.5018822035996664, 0.4672155952925229, 0.42199233305913236, 0.388540800912184, 0.396757709689462, 0.34299499981818543, 0.3418402220831453, 0.35248076642035425, 0.32935061477090477, 0.31137212139269105, 0.3010236070754881, 0.35246857751262184, 0.2847154475866969, 0.32653283445458664, 0.2708237410349629, 0.28382599421163957], "val_loss": [0.8323169658589499, 0.6664697540980029, 0.598583648222263, 0.5583988976633771, 0.5198739804903407, 0.4835557624321822, 0.44169600098185463, 0.41995098937130054, 0.41504257359671537, 0.3749939681457445, 0.37424256187614335, 0.38154137168500946, 0.3579696892140065, 0.3467378161902152, 0.3389686722402363, 0.36170556358053396, 0.3181986978764065, 0.35159864946532965, 0.3004816279506373, 0.30625831401862197], "tr_acc": [0.4963913392141139, 0.6064554931836408, 0.6918604651162791, 0.7235364875701684, 0.7638331996792301, 0.8017241379310345, 0.8221732157177225, 0.8360064153969526, 0.8536487570168404, 0.8558540497193264, 0.8702886928628709, 0.8763031275060145, 0.8815156375300722, 0.8821170809943866, 0.8915396952686447, 0.8935445068163592, 0.8913392141138733, 0.896952686447474, 0.8991579791499599, 0.9035685645549318], "te_acc": [0.5708230307311903, 0.7018721299894031, 0.7001059696220416, 0.7651006711409396, 0.7937124690921936, 0.7993641822677499, 0.8449311197456729, 0.8456375838926175, 0.8382197103496998, 0.8738961497703992, 0.8767220063581773, 0.8721299894030378, 0.8799010950194278, 0.8912045213705404, 0.8887318968562345, 0.8657718120805369, 0.8961497703991522, 0.8813140233133169, 0.9014482515012363, 0.8947368421052632], "val_acc": [0.5602115541090318, 0.6981285598047193, 0.7001627339300244, 0.758340113913751, 0.7949552481692432, 0.7994304312449145, 0.8368592351505288, 0.8336045565500407, 0.8323840520748577, 0.8506916192026037, 0.8637103336045565, 0.8506916192026037, 0.8653376729048007, 0.8624898291293734, 0.870626525630594, 0.8624898291293734, 0.8787632221318145, 0.8669650122050447, 0.8917819365337672, 0.8889340927583401]}