{"te_f1_macro": 0.8629005926167403, "te_f1_weighted": 0.858813434401332, "te_f1_micro": 0.859413634758036, "te_precision": 0.8622255905641353, "te_recall": 0.859413634758036, "tr_loss": [1.1714157625590693, 0.8474211891173552, 0.7306878715395067, 0.6319834607165626, 0.60874269968429, 0.5863457335982212, 0.5712172738675987, 0.5510008718695942, 0.5280353940049457, 0.5063164918634924, 0.4866406073451711, 0.4741132876207662, 0.456896778408202, 0.4380773835499572, 0.4216632573195429, 0.4118908154505582, 0.40026102397283175, 0.39558787884096575, 0.3911932934592415, 0.38609478508556183], "te_loss": [0.8969787504933235, 0.7849299559025578, 0.637106491288967, 0.6012477609050944, 0.5745955322876031, 0.5519597009482294, 0.5418292963643749, 0.5176342418361409, 0.49395727218565944, 0.47644617367195014, 0.4610574501893917, 0.4284214649635, 0.4282095092886625, 0.4008645442887188, 0.38987306797306515, 0.389380802707342, 0.38878273020696824, 0.3855840014889231, 0.37724125347386733, 0.36194366286138646], "val_loss": [0.8928895025742161, 0.7826532458172667, 0.6495222872694495, 0.6267650042053545, 0.5979739759296203, 0.576759059803577, 0.5661841616386122, 0.5435319225219715, 0.5169488921021911, 0.5060969545552166, 0.4835945465295076, 0.45854684771125737, 0.4647638958290013, 0.43698337429223555, 0.4255657292071933, 0.42270488832130776, 0.41970903961710854, 0.42005399463620974, 0.41708258965618733, 0.4013432019410626], "tr_acc": [0.5038091419406576, 0.5735765838011226, 0.638532477947073, 0.6928628708901363, 0.698476343223737, 0.7044907778668805, 0.7215316760224539, 0.7441860465116279, 0.785084202085004, 0.7993183640737771, 0.8133520449077787, 0.8159582999198075, 0.8215717722534082, 0.8390136327185245, 0.8408179631114675, 0.8446271050521251, 0.84943865276664, 0.8496391339214114, 0.847233360064154, 0.8492381716118684], "te_acc": [0.5683504062168845, 0.6771458848463441, 0.6817379018014835, 0.688802543270929, 0.692688096079124, 0.6976333451077358, 0.7654539032144119, 0.8060755916637231, 0.8081949841045567, 0.812433768986224, 0.8219710349699753, 0.8396326386435888, 0.842458495231367, 0.848816672553868, 0.8519957612151183, 0.8484634404803956, 0.8523489932885906, 0.8530554574355351, 0.8576474743906747, 0.8636524196397033], "val_acc": [0.5537021969080553, 0.6720911310008136, 0.6716842961757526, 0.6749389747762409, 0.6753458096013019, 0.6851098454027664, 0.7563059397884458, 0.790480065093572, 0.7982099267697315, 0.7990235964198535, 0.8169243287225386, 0.8209926769731489, 0.8254678600488202, 0.8295362082994304, 0.8299430431244914, 0.8352318958502848, 0.8397070789259561, 0.8295362082994304, 0.8405207485760781, 0.8405207485760781]}