{"te_f1_macro": 0.8443165227081847, "te_f1_weighted": 0.8164161444320752, "te_f1_micro": 0.8226774991169198, "te_precision": 0.8508009506619099, "te_recall": 0.8226774991169198, "tr_loss": [0.9655993982325005, 0.7474281220026942, 0.6401727297541229, 0.5973464667366902, 0.5703961782294842, 0.5517058604319954, 0.5405832420565553, 0.5229053648357499, 0.5088920341841966, 0.5000738684616762, 0.4860858102512054, 0.4824658097891972, 0.4730230262973544, 0.45194911753643774, 0.4425038937673439, 0.43514062138012916, 0.4260909965302147, 0.4127791462751418, 0.4084124273076092, 0.39475024764597083], "te_loss": [0.780373541932357, 0.642133422640683, 0.5852403249558692, 0.5469689963774309, 0.5298991677029231, 0.5166026584169798, 0.5088186463632587, 0.5057778454466955, 0.48077560507000566, 0.4886601037332339, 0.4660387139402906, 0.4557575942433289, 0.47939409149783696, 0.4291324327877157, 0.4152511407949191, 0.4493563461960604, 0.4275055143867689, 0.40803203278318895, 0.42662185415788745, 0.4075142978063871], "val_loss": [0.7840983902564177, 0.6560261248572267, 0.604686583999311, 0.5672608344316289, 0.5478844471924473, 0.5324223752522294, 0.5326144041522332, 0.5200421825669663, 0.49785508340311013, 0.49273496672232237, 0.47025085506737957, 0.4576503731449801, 0.4639235263534248, 0.4318562550599057, 0.4227601159288206, 0.42518074537700906, 0.41512330011006193, 0.3887194023081886, 0.38662223565180776, 0.3756947577048163], "tr_acc": [0.5396952686447474, 0.6355252606255012, 0.6916599839615076, 0.7199278267842822, 0.7315557337610264, 0.7381716118684843, 0.7335605453087409, 0.7532076984763433, 0.7568163592622293, 0.7612269446672013, 0.776663993584603, 0.7710505212510024, 0.7770649558941459, 0.7878909382518043, 0.7977145148356054, 0.8009222133119487, 0.8009222133119487, 0.8177626303127506, 0.8147554129911788, 0.8259823576583801], "te_acc": [0.5711762628046627, 0.6654892264217591, 0.7336630166019075, 0.7442599788060756, 0.7742847050512186, 0.7672200635817732, 0.721299894030378, 0.7672200635817732, 0.812433768986224, 0.7647474390674673, 0.7937124690921936, 0.7933592370187214, 0.762981278700106, 0.8060755916637231, 0.823030731190392, 0.7866478276227481, 0.7986577181208053, 0.8131402331331685, 0.7975980219003885, 0.8110208406923348], "val_acc": [0.5557363710333605, 0.6627339300244101, 0.7152156224572823, 0.7335231895850285, 0.773393002441009, 0.7542717656631408, 0.710740439381611, 0.7925142392188771, 0.7705451586655818, 0.7782750203417412, 0.8258746948738812, 0.8079739625711961, 0.7782750203417412, 0.8417412530512612, 0.8563873067534581, 0.8230268510984541, 0.8311635475996745, 0.8486574450772986, 0.8291293734743694, 0.8494711147274207]}