Chromosome	Start	End	Score	gene_id	gene_name	Strand	Methylation_Difference	p_value	q_value
chr2	137272941	137272969	.	ENSG00000144229.12	THSD7B	+	-0.171693	0.029	0.0026
chr3	75669165	75669189	.	ENSG00000236138.4	DUX4L26	+	0.28125	0.038	0.036
chr3	75669195	75669426	.	ENSG00000236138.4	DUX4L26	+	-0.131589	0.0022	0.012
chr3	47163724	47163731	.	ENSG00000181555.21	SETD2	-	-0.214438	0.0022	0.00047
chr3	49368953	49368997	.	ENSG00000067560.14	RHOA	-	-0.170833	0.05	0.15
chr9	95506165	95506175	.	ENSG00000185920.17	PTCH1	-	-0.111004	0.0043	0.015
