Chromosome	Start	End	Score	gene_id	gene_name	Strand	Methylation_Difference	p_value	q_value
chr6	106642347	106642356	.	ENSG00000130348.11	QRSL1	+	0.291477	0.024	1.0
chr7	67297366	67297435	.	ENSG00000067601.8	PMS2P4	-	-0.125538	0.019	0.0062
chr7	151519558	151519584	.	ENSG00000106615.10	RHEB	-	-0.116162	0.024	1.0
chr8	142326556	142326581	.	ENSG00000171045.16	TSNARE1	-	-0.416667	0.024	1.0
