Chromosome	Start	End	Score	gene_id	gene_name	Strand	Methylation_Difference	p_value	q_value
chr1	17024008	17024072	.	ENSG00000117118.10	SDHB	-	-0.171765	0.024	0.0019
chr3	179649955	179649998	.	ENSG00000288698.1	RP11-15L13.5	+	-0.243055	0.028	0.022
chr3	52644447	52644542	.	ENSG00000163939.18	PBRM1	-	0.14717	0.024	1.0
chr5	14478818	14478886	.	ENSG00000038382.20	TRIO	+	0.153571	0.024	1.0
chr6	106642347	106642356	.	ENSG00000130348.11	QRSL1	+	0.273599	0.024	1.0
chr7	67297366	67297435	.	ENSG00000067601.8	PMS2P4	-	-0.131549	0.019	0.016
chr7	151519558	151519584	.	ENSG00000106615.10	RHEB	-	-0.112828	0.024	0.0073
chr8	142326556	142326581	.	ENSG00000171045.16	TSNARE1	-	-0.402174	0.024	0.014
