Chromosome	Start	End	Score	gene_id	gene_name	Strand	Methylation_Difference	Num_CpGs	p_value_MWU
chr12	9294888	9294893	.	ENSG00000111788.10	RP11-22B23.1	+	0.100076	2	0.029
chr15	98649389	98649399	.	ENSG00000140443.15	IGF1R	+	-0.150199	3	0.015
chr19	50398643	50398647	.	ENSG00000062822.15	POLD1	+	0.135622	2	0.029
chr22	20989706	20989744	.	ENSG00000285314.1	XXbac-B135H6.19	+	-0.138298	3	0.041
