Chromosome	Start	End	Score	gene_id	gene_name	Strand	Methylation_Difference	Num_CpGs	p_value_MWU
chr1	109103828	109103845	.	ENSG00000251484.3	RP5-1065J22.4	-	-0.142505	3	0.024
chr2	61489056	61489097	.	ENSG00000082898.19	XPO1	-	-0.169841	3	0.024
chr3	170280695	170280740	.	ENSG00000163558.13	PRKCI	+	-0.16317	3	0.024
chr3	100912175	100912187	.	ENSG00000154175.18	ABI3BP	-	-0.174431	3	0.048
chr5	56952177	56952187	.	ENSG00000155545.20	MIER3	-	-0.176285	3	0.024
chr5	56952211	56952218	.	ENSG00000155545.20	MIER3	-	-0.190476	3	0.024
