Chromosome	Start	End	Score	gene_id	gene_name	Strand	Methylation_Difference	Num_CpGs	p_value_MWU
chr2	61489056	61489097	.	ENSG00000082898.19	XPO1	-	-0.169841	3	0.024
chr3	100912175	100912187	.	ENSG00000154175.18	ABI3BP	-	-0.185148	3	0.048
chr5	112893014	112893037	.	ENSG00000153037.15	SRP19	+	-0.115467	3	0.024
chr5	56952177	56952187	.	ENSG00000155545.20	MIER3	-	-0.183809	3	0.024
chr5	56952211	56952218	.	ENSG00000155545.20	MIER3	-	-0.156704	3	0.024
chr6	106642347	106642356	.	ENSG00000130348.11	QRSL1	+	-0.133007	3	0.048
chr15	98649400	98649423	.	ENSG00000140443.15	IGF1R	+	-0.115238	5	0.013
chr19	18434015	18434046	.	ENSG00000130511.16	SSBP4	+	0.122619	5	0.019
chr22	18019937	18019970	.	ENSG00000237446.1	RHEBP3	+	-0.241758	3	0.024
