Chromosome	Start	End	Score	gene_id	gene_name	Strand	Methylation_Difference	Num_CpGs	p_value_MWU
chr1	26696847	26696884	.	ENSG00000117713.20	ARID1A	+	-0.100911	6	0.00011
chr1	109103828	109103845	.	ENSG00000251484.3	RP5-1065J22.4	-	-0.161736	3	0.024
chr5	250626	250641	.	ENSG00000073578.17	SDHA	+	0.135522	3	0.024
chr5	56952177	56952187	.	ENSG00000155545.20	MIER3	-	-0.156084	3	0.024
chr9	95506198	95506212	.	ENSG00000185920.17	PTCH1	-	-0.165278	4	0.004
