Chromosome	Start	End	Score	gene_id	gene_name	Strand	Methylation_Difference	Num_CpGs	p_value_MWU
chr4	20590006	20590051	.	ENSG00000145147.20	SLIT2	+	0.395375	2	0.029
chr5	250626	250641	.	ENSG00000073578.17	SDHA	+	-0.135522	3	0.0087
