Chromosome	Start	End	Score	gene_id	gene_name	Strand	Methylation_Difference	Num_CpGs	p_value_MWU
chr7	151519558	151519584	.	ENSG00000106615.10	RHEB	-	-0.116162	3	0.024
chr13	113835613	113835628	.	ENSG00000233695.2	GAS6-AS1	+	-0.111888	3	0.024
chr14	65468310	65468351	.	ENSG00000033170.17	FUT8	+	-0.119641	3	0.024
chr18	21119575	21119692	.	ENSG00000244527.1	RP11-254G11.1	-	-0.123769	6	0.002
