{"te_f1_macro": 0.6617643474598089, "te_f1_weighted": 0.8024911531901323, "te_f1_micro": 0.8134535367545076, "te_precision": 0.7960772712027444, "te_recall": 0.8134535367545076, "tr_loss": [1.4125971160243544, 1.1799874697979384, 1.032249800597777, 0.9476341569538043, 0.8814742714562059, 0.7951708572400933, 0.7220230136544978, 0.6988070571810695, 0.6617876847353875, 0.6587703587279365, 0.6401805083930285, 0.6234167300516013, 0.6180039904182798, 0.6133302156749758, 0.5993056798326797, 0.6074353870149656, 0.5792814448892547, 0.5801724201411611, 0.5752260506846608, 0.5748447713060607], "te_loss": [1.2582036899958173, 1.035510376984468, 0.9354766582483722, 0.8763554327696272, 0.8074276668850162, 0.7090876519101338, 0.6770715894546985, 0.6248677176799259, 0.6277939408562881, 0.6026159083462952, 0.5828166581721312, 0.579107075185617, 0.5681557259968019, 0.5610490616994823, 0.564541182389041, 0.5495654371012927, 0.5494461648176513, 0.5356043477164227, 0.5801401267269944, 0.5270615449684172], "val_loss": [1.2867747535365814, 1.0526583081646803, 0.9311187094958636, 0.8647957311845952, 0.7967979013426005, 0.7024854532479252, 0.6752454385766335, 0.6189777349008443, 0.6236443502184964, 0.5957711527205837, 0.5739969167157748, 0.5748768640557101, 0.5625100207531265, 0.5592865736656626, 0.5548485403490047, 0.5415068498126663, 0.544130338585836, 0.532572845032542, 0.5602687855946346, 0.5198845959699835], "tr_acc": [0.4025311288017963, 0.5678709940804246, 0.6362522963870177, 0.6660542967952643, 0.6883037354562156, 0.7189222290263318, 0.7479077362727087, 0.7538273116962645, 0.762808736476832, 0.7730149010002041, 0.7758726270667483, 0.7793427230046949, 0.7801592161665646, 0.7887323943661971, 0.7832210655235763, 0.7873035313329251, 0.792814860175546, 0.7999591753419065, 0.8024086548275158, 0.7971014492753623], "te_acc": [0.5759361997226075, 0.6511789181692095, 0.6803051317614425, 0.6924410540915396, 0.7167128987517337, 0.7527739251040222, 0.7659500693481276, 0.7888349514563107, 0.786754507628294, 0.7923023578363384, 0.7971567267683772, 0.7968099861303745, 0.7968099861303745, 0.8023578363384188, 0.8047850208044383, 0.8020110957004161, 0.8106796116504854, 0.8099861303744799, 0.7995839112343966, 0.8162274618585298], "val_acc": [0.5563380281690141, 0.6532725766362883, 0.6893123446561723, 0.7054681027340514, 0.724109362054681, 0.7626346313173157, 0.7667771333885667, 0.7978458989229494, 0.799917149958575, 0.8007456503728252, 0.8003314001657, 0.8028169014084507, 0.804059652029826, 0.8131731565865783, 0.8127589063794531, 0.8082021541010771, 0.8106876553438277, 0.8169014084507042, 0.8086164043082021, 0.8193869096934548]}