{"te_f1_macro": 0.9278063681836443, "te_f1_weighted": 0.915802563319062, "te_f1_micro": 0.9164355062413315, "te_precision": 0.9166231666088512, "te_recall": 0.9164355062413315, "tr_loss": [1.2798254734570942, 0.8925024752873356, 0.7271474994404216, 0.6382414006680756, 0.5617836381062169, 0.5078673871178169, 0.4668298908692765, 0.42566029313487114, 0.41381549482979224, 0.37939608810044817, 0.3508941795016143, 0.3302064596523823, 0.324135126690885, 0.3062816172819961, 0.2915465057650545, 0.27734204529073436, 0.2696005340523381, 0.25725817699673514, 0.252353957226676, 0.2421746233755361], "te_loss": [0.9279783244933235, 0.7278110682550978, 0.6061724841016011, 0.527220776276185, 0.4664428380735208, 0.4263077213347537, 0.3929122618597192, 0.3717323653348276, 0.3453537485718562, 0.3262824677602593, 0.3060470875171782, 0.2880885202887154, 0.2738914059916829, 0.2423075451702913, 0.25301697510249405, 0.256648460090491, 0.24324790678722022, 0.2261252261222897, 0.20589241639668338, 0.20779981743156828], "val_loss": [0.9411493298329888, 0.7239540128566652, 0.5944520853083294, 0.5155349365484152, 0.4567548774843287, 0.41462915225915903, 0.39098341371046186, 0.36860771412407944, 0.3486728710280585, 0.33324277479365133, 0.32067770078815305, 0.30222275096524964, 0.2822794942439911, 0.25755701593857167, 0.2644067606483621, 0.26303820381158627, 0.24908001620134196, 0.23135505905860992, 0.2235590167036519, 0.22221419550925986], "tr_acc": [0.4745866503368034, 0.6860583792610737, 0.7456623800775668, 0.7740355174525413, 0.8079199836701367, 0.8222086140028577, 0.8411920800163298, 0.8526229842825066, 0.8499693815064299, 0.862012655644009, 0.8679322310675648, 0.8803837517860787, 0.8771177791385997, 0.8818126148193509, 0.8899775464380486, 0.8958971218616044, 0.8981424780567463, 0.8987548479281486, 0.9061032863849765, 0.9052867932231068], "te_acc": [0.6685159500693482, 0.7597087378640777, 0.7704576976421637, 0.805131761442441, 0.8488210818307905, 0.8491678224687933, 0.8581830790568654, 0.8550624133148405, 0.8658113730929264, 0.8727461858529819, 0.8744798890429958, 0.875866851595007, 0.891123439667129, 0.9015256588072122, 0.9015256588072122, 0.8970180305131762, 0.8997919556171984, 0.9053398058252428, 0.9171289875173371, 0.9192094313453537], "val_acc": [0.672328086164043, 0.7584921292460646, 0.771748135874068, 0.8111019055509527, 0.8450704225352113, 0.855840927920464, 0.8583264291632146, 0.8657829328914665, 0.8744821872410936, 0.8811101905550953, 0.8831814415907208, 0.8790389395194698, 0.8914664457332229, 0.9030654515327258, 0.9014084507042254, 0.8972659486329743, 0.9096934548467275, 0.915907207953604, 0.9171499585749793, 0.9171499585749793]}