{"te_f1_macro": 0.9400217386050134, "te_f1_weighted": 0.9264011193010485, "te_f1_micro": 0.9285714285714286, "te_precision": 0.9323887477635279, "te_recall": 0.9285714285714286, "tr_loss": [0.8322426593651648, 0.5537100768522428, 0.45258149520174096, 0.4398367940150711, 0.37501713607378895, 0.35552354124729235, 0.3145947143287957, 0.28700656190310775, 0.26801773039789484, 0.2386879683161395, 0.24974873002255832, 0.23317707155548473, 0.21494394126890945, 0.19712347265961802, 0.18448425836406404, 0.18838339376069985, 0.17199599575597332, 0.18453120441613427, 0.16784705962756868, 0.17360704542909697], "te_loss": [0.8521675375728105, 0.8419769814602215, 0.5611917759690966, 0.4567530372757439, 0.39146106099082095, 0.4812738046453085, 0.3616816519182201, 0.36675598975090146, 0.3873976041225719, 0.3818169492561675, 0.24227402608288806, 0.23413489744501206, 0.38564807803844114, 0.2968193200958089, 0.23477249214330095, 0.2694375399091951, 0.3723356878325529, 0.26022333333762193, 0.28946438970641025, 0.2147393039790668], "val_loss": [0.8422122321584645, 0.80547482440404, 0.5315510716131875, 0.4326750193078259, 0.38163381814030745, 0.45545419793832176, 0.3599742908731362, 0.3562795167453988, 0.3809430387485294, 0.3888793185881054, 0.24405114632639988, 0.2354014549657468, 0.39592959247714693, 0.3034914444218441, 0.251069939526318, 0.2790495153059743, 0.37661021114068527, 0.2704043123368004, 0.2934200946101186, 0.22038876858340034], "tr_acc": [0.6846295162278015, 0.8097570932843438, 0.8522147377015717, 0.8460910389875484, 0.8644621351296183, 0.8718105735864462, 0.8881404368238416, 0.8956929985711369, 0.9024290671565626, 0.9128393549704021, 0.9097775056133904, 0.9112063686466626, 0.9193713002653603, 0.9303939579506022, 0.9338640538885487, 0.9326393141457441, 0.9373341498264952, 0.9308022045315371, 0.9367217799550929, 0.9320269442743417], "te_acc": [0.6567267683772539, 0.6556865464632455, 0.8117198335644937, 0.8384188626907073, 0.8595700416088765, 0.8294036061026352, 0.8800277392510403, 0.8640776699029126, 0.858876560332871, 0.8682385575589459, 0.9108876560332871, 0.9147018030513177, 0.8678918169209431, 0.8914701803051318, 0.920249653259362, 0.9140083217753121, 0.8886962552011096, 0.9143550624133149, 0.908113730929265, 0.9275312066574203], "val_acc": [0.6652858326429163, 0.6706710853355426, 0.831814415907208, 0.8512841756420878, 0.8649544324772163, 0.8496271748135874, 0.8811101905550953, 0.8740679370339686, 0.8632974316487159, 0.8690969345484673, 0.9121789560894781, 0.9150787075393537, 0.8645401822700911, 0.8910521955260977, 0.9150787075393537, 0.9092792046396023, 0.8873239436619719, 0.9163214581607291, 0.9125932062966031, 0.9250207125103562]}