{"te_f1_macro": 0.916730647939888, "te_f1_weighted": 0.8931200522822021, "te_f1_micro": 0.8938973647711512, "te_precision": 0.8927732146313695, "te_recall": 0.8938973647711512, "tr_loss": [1.3765170487561356, 1.0508642821050123, 0.8281835048666875, 0.7073185818612417, 0.6342186526233602, 0.5873004293613323, 0.5334655016776274, 0.488272067353321, 0.46266578569488154, 0.4475359070858291, 0.40699183342286, 0.39270321757459087, 0.37867000011016605, 0.3662223913555706, 0.36560265082051546, 0.3517393005894359, 0.3279466127760436, 0.3135214114668516, 0.3136185306168303, 0.3194444879089528], "te_loss": [1.189585838007034, 0.8275732245094733, 0.7029016985972613, 0.5983412778947952, 0.5467764542912147, 0.4959727588539811, 0.4631215250442494, 0.40529582815841564, 0.37576031102056145, 0.35734795999097096, 0.34383272228248407, 0.3184510303167794, 0.3084670175047754, 0.31273502330767217, 0.2934142107379089, 0.2760974952560977, 0.26158877911663586, 0.27565777103381744, 0.2601478408179898, 0.25010837292383925], "val_loss": [1.2096587983457727, 0.8237387314253636, 0.6913969545272528, 0.5927764097199325, 0.5460583697186587, 0.4974510516560858, 0.4499202096663483, 0.41152808437464944, 0.37925154139544714, 0.36290242927273936, 0.34345422076970317, 0.3268785047149648, 0.30881105946082166, 0.30812625547171923, 0.28658272295591497, 0.28537485965657994, 0.267368225038959, 0.27220371310763497, 0.25832077893162303, 0.24679648285220873], "tr_acc": [0.39804041641151255, 0.6258420085731782, 0.7127985303123087, 0.7493365993059808, 0.7748520106144111, 0.7891406409471321, 0.8103694631557461, 0.8205756276791182, 0.8238416003265973, 0.8281281894264135, 0.8456827924066136, 0.8518064911206369, 0.8546642171871811, 0.8581343131251276, 0.8534394774443764, 0.8558889569299857, 0.8732394366197183, 0.8724229434578485, 0.877730149010002, 0.8756889161053276], "te_acc": [0.5859916782246879, 0.6920943134535368, 0.7326629680998613, 0.7753120665742025, 0.7877947295423023, 0.811373092926491, 0.8207350901525658, 0.8422330097087378, 0.8502080443828016, 0.8457004160887656, 0.8529819694868238, 0.8682385575589459, 0.8776005547850209, 0.8734396671289875, 0.8831484049930652, 0.8855755894590847, 0.8907766990291263, 0.8880027739251041, 0.8897364771151179, 0.8932038834951457], "val_acc": [0.5691797845898923, 0.6984258492129246, 0.7398508699254349, 0.7808616404308202, 0.7932891466445733, 0.8073736536868269, 0.8289146644573322, 0.8429991714995857, 0.8471416735708368, 0.8454846727423364, 0.8591549295774648, 0.8591549295774648, 0.8707539353769677, 0.8715824357912179, 0.8844241922120961, 0.8782104391052196, 0.8881524440762221, 0.8869096934548467, 0.8914664457332229, 0.8985086992543496]}